customer_id,first_name,last_name,email,city,country
1,Fatima,Khan,fatima.khan1@email.com,Doha,Qatar
2,Ahmed,Khan,ahmed.khan2@email.com,Manama,Bahrain
3,Hamad,Hassan,hamad.hassan3@email.com,Doha,Qatar
4,Fatima,Fahmy,fatima.fahmy4@email.com,Dubai,UAE
5,Yousef,Ali,yousef.ali5@email.com,Sharjah,UAE
6,Yousef,Khan,yousef.khan6@email.com,Giza,Egypt
7,Khalid,Al-Mansoori,khalid.al-mansoori7@email.com,Riyadh,Saudi Arabia
8,Layla,Ali,layla.ali8@email.com,Dubai,UAE
9,Hamad,Fahmy,hamad.fahmy9@email.com,Jeddah,Saudi Arabia
10,Omar,Khoury,omar.khoury10@email.com,Kuwait City,Kuwait
11,Nour,Khoury,nour.khoury11@email.com,Abu Dhabi,UAE
12,Ahmed,Fahmy,ahmed.fahmy12@email.com,Doha,Qatar
13,Yousef,Khoury,yousef.khoury13@email.com,Jeddah,Saudi Arabia
14,Mona,Al-Mansoori,mona.al-mansoori14@email.com,Alexandria,Egypt
15,Hamad,Hassan,hamad.hassan15@email.com,Dubai,UAE
16,Fatima,Khan,fatima.khan16@email.com,Dammam,Saudi Arabia
17,Sara,Hassan,sara.hassan17@email.com,Dubai,UAE
18,Fatima,Al-Hajri,fatima.al-hajri18@email.com,Manama,Bahrain
19,Yousef,Fahmy,yousef.fahmy19@email.com,Riyadh,Saudi Arabia
20,Nour,Al-Hajri,nour.al-hajri20@email.com,Sharjah,UAE
21,Sara,Al-Hajri,sara.al-hajri21@email.com,Kuwait City,Kuwait
22,Fatima,Hassan,fatima.hassan22@email.com,Muscat,Oman
23,Mona,Al-Hajri,mona.al-hajri23@email.com,Riyadh,Saudi Arabia
24,Khalid,Ali,khalid.ali24@email.com,Dammam,Saudi Arabia
25,Fatima,Khoury,fatima.khoury25@email.com,Manama,Bahrain
26,Nour,Fahmy,nour.fahmy26@email.com,Riyadh,Saudi Arabia
27,Khalid,Khan,khalid.khan27@email.com,Kuwait City,Kuwait
28,Fatima,Khoury,fatima.khoury28@email.com,Riyadh,Saudi Arabia
29,Omar,Mustafa,omar.mustafa29@email.com,Sharjah,UAE
30,Sara,Al-Mansoori,sara.al-mansoori30@email.com,Cairo,Egypt
31,Khalid,Fahmy,khalid.fahmy31@email.com,Manama,Bahrain
32,Ahmed,Hassan,ahmed.hassan32@email.com,Riyadh,Saudi Arabia
33,Yousef,Ali,yousef.ali33@email.com,Manama,Bahrain
34,Hamad,Khan,hamad.khan34@email.com,Kuwait City,Kuwait
35,Sara,Al-Hajri,sara.al-hajri35@email.com,Doha,Qatar
36,Ahmed,Khoury,ahmed.khoury36@email.com,Doha,Qatar
37,Yousef,Hassan,yousef.hassan37@email.com,Muscat,Oman
38,Layla,Fahmy,layla.fahmy38@email.com,Doha,Qatar
39,Omar,Al-Hajri,omar.al-hajri39@email.com,Jeddah,Saudi Arabia
40,Khalid,Al-Mansoori,khalid.al-mansoori40@email.com,Dubai,UAE
41,Mona,Ali,mona.ali41@email.com,Kuwait City,Kuwait
42,Layla,Ali,layla.ali42@email.com,Muscat,Oman
43,Layla,Khoury,layla.khoury43@email.com,Riyadh,Saudi Arabia
44,Mona,Khan,mona.khan44@email.com,Alexandria,Egypt
45,Nour,Fahmy,nour.fahmy45@email.com,Manama,Bahrain
46,Hamad,Mustafa,hamad.mustafa46@email.com,Sharjah,UAE
47,Yousef,Khan,yousef.khan47@email.com,Muscat,Oman
48,Sara,Mustafa,sara.mustafa48@email.com,Dammam,Saudi Arabia
49,Nour,Khan,nour.khan49@email.com,Alexandria,Egypt
50,Khalid,Ali,khalid.ali50@email.com,Muscat,Oman
51,Layla,Mustafa,layla.mustafa51@email.com,Jeddah,Saudi Arabia
52,Layla,Khan,layla.khan52@email.com,Alexandria,Egypt
53,Yousef,Mustafa,yousef.mustafa53@email.com,Muscat,Oman
54,Fatima,Khoury,fatima.khoury54@email.com,Manama,Bahrain
55,Ahmed,Ali,ahmed.ali55@email.com,Riyadh,Saudi Arabia
56,Layla,Al-Mansoori,layla.al-mansoori56@email.com,Kuwait City,Kuwait
57,Yousef,Hassan,yousef.hassan57@email.com,Manama,Bahrain
58,Hamad,Ali,hamad.ali58@email.com,Muscat,Oman
59,Omar,Fahmy,omar.fahmy59@email.com,Cairo,Egypt
60,Omar,Fahmy,omar.fahmy60@email.com,Riyadh,Saudi Arabia
61,Layla,Al-Hajri,layla.al-hajri61@email.com,Manama,Bahrain
62,Khalid,Mustafa,khalid.mustafa62@email.com,Manama,Bahrain
63,Fatima,Fahmy,fatima.fahmy63@email.com,Muscat,Oman
64,Omar,Khoury,omar.khoury64@email.com,Riyadh,Saudi Arabia
65,Sara,Al-Mansoori,sara.al-mansoori65@email.com,Doha,Qatar
66,Sara,Mustafa,sara.mustafa66@email.com,Manama,Bahrain
67,Fatima,Khoury,fatima.khoury67@email.com,Muscat,Oman
68,Omar,Khoury,omar.khoury68@email.com,Alexandria,Egypt
69,Khalid,Khoury,khalid.khoury69@email.com,Manama,Bahrain
70,Fatima,Al-Mansoori,fatima.al-mansoori70@email.com,Alexandria,Egypt
71,Fatima,Al-Hajri,fatima.al-hajri71@email.com,Muscat,Oman
72,Layla,Hassan,layla.hassan72@email.com,Sharjah,UAE
73,Ahmed,Fahmy,ahmed.fahmy73@email.com,Jeddah,Saudi Arabia
74,Sara,Khan,sara.khan74@email.com,Sharjah,UAE
75,Sara,Mustafa,sara.mustafa75@email.com,Doha,Qatar
76,Khalid,Ali,khalid.ali76@email.com,Muscat,Oman
77,Sara,Mustafa,sara.mustafa77@email.com,Sharjah,UAE
78,Hamad,Khoury,hamad.khoury78@email.com,Manama,Bahrain
79,Fatima,Al-Mansoori,fatima.al-mansoori79@email.com,Muscat,Oman
80,Layla,Fahmy,layla.fahmy80@email.com,Muscat,Oman
81,Mona,Ali,mona.ali81@email.com,Kuwait City,Kuwait
82,Omar,Ali,omar.ali82@email.com,Riyadh,Saudi Arabia
83,Mona,Khoury,mona.khoury83@email.com,Dammam,Saudi Arabia
84,Nour,Khan,nour.khan84@email.com,Doha,Qatar
85,Omar,Fahmy,omar.fahmy85@email.com,Jeddah,Saudi Arabia
86,Omar,Mustafa,omar.mustafa86@email.com,Manama,Bahrain
87,Mona,Al-Mansoori,mona.al-mansoori87@email.com,Abu Dhabi,UAE
88,Sara,Fahmy,sara.fahmy88@email.com,Alexandria,Egypt
89,Hamad,Khoury,hamad.khoury89@email.com,Abu Dhabi,UAE
90,Khalid,Fahmy,khalid.fahmy90@email.com,Doha,Qatar
91,Sara,Ali,sara.ali91@email.com,Alexandria,Egypt
92,Sara,Fahmy,sara.fahmy92@email.com,Jeddah,Saudi Arabia
93,Khalid,Al-Hajri,khalid.al-hajri93@email.com,Doha,Qatar
94,Fatima,Khoury,fatima.khoury94@email.com,Doha,Qatar
95,Layla,Al-Mansoori,layla.al-mansoori95@email.com,Cairo,Egypt
96,Hamad,Fahmy,hamad.fahmy96@email.com,Cairo,Egypt
97,Khalid,Khan,khalid.khan97@email.com,Doha,Qatar
98,Sara,Khoury,sara.khoury98@email.com,Alexandria,Egypt
99,Ahmed,Hassan,ahmed.hassan99@email.com,Muscat,Oman
100,Yousef,Mustafa,yousef.mustafa100@email.com,Doha,Qatar
101,Fatima,Khan,fatima.khan101@email.com,Giza,Egypt
102,Ahmed,Ali,ahmed.ali102@email.com,Muscat,Oman
103,Omar,Khan,omar.khan103@email.com,Manama,Bahrain
104,Hamad,Ali,hamad.ali104@email.com,Dubai,UAE
105,Sara,Ali,sara.ali105@email.com,Manama,Bahrain
106,Nour,Fahmy,nour.fahmy106@email.com,Manama,Bahrain
107,Layla,Khoury,layla.khoury107@email.com,Doha,Qatar
108,Ahmed,Hassan,ahmed.hassan108@email.com,Cairo,Egypt
109,Omar,Al-Hajri,omar.al-hajri109@email.com,Doha,Qatar
110,Mona,Al-Mansoori,mona.al-mansoori110@email.com,Kuwait City,Kuwait
111,Nour,Hassan,nour.hassan111@email.com,Jeddah,Saudi Arabia
112,Yousef,Fahmy,yousef.fahmy112@email.com,Manama,Bahrain
113,Fatima,Hassan,fatima.hassan113@email.com,Doha,Qatar
114,Layla,Khan,layla.khan114@email.com,Doha,Qatar
115,Layla,Khoury,layla.khoury115@email.com,Muscat,Oman
116,Yousef,Ali,yousef.ali116@email.com,Jeddah,Saudi Arabia
117,Mona,Fahmy,mona.fahmy117@email.com,Muscat,Oman
118,Hamad,Al-Mansoori,hamad.al-mansoori118@email.com,Kuwait City,Kuwait
119,Fatima,Khan,fatima.khan119@email.com,Doha,Qatar
120,Yousef,Khan,yousef.khan120@email.com,Manama,Bahrain
121,Ahmed,Mustafa,ahmed.mustafa121@email.com,Manama,Bahrain
122,Sara,Khoury,sara.khoury122@email.com,Alexandria,Egypt
123,Mona,Khan,mona.khan123@email.com,Sharjah,UAE
124,Fatima,Khoury,fatima.khoury124@email.com,Giza,Egypt
125,Hamad,Al-Mansoori,hamad.al-mansoori125@email.com,Muscat,Oman
126,Mona,Khoury,mona.khoury126@email.com,Alexandria,Egypt
127,Nour,Ali,nour.ali127@email.com,Dubai,UAE
128,Nour,Fahmy,nour.fahmy128@email.com,Kuwait City,Kuwait
129,Omar,Fahmy,omar.fahmy129@email.com,Doha,Qatar
130,Layla,Fahmy,layla.fahmy130@email.com,Manama,Bahrain
131,Sara,Al-Mansoori,sara.al-mansoori131@email.com,Sharjah,UAE
132,Yousef,Khan,yousef.khan132@email.com,Cairo,Egypt
133,Omar,Khoury,omar.khoury133@email.com,Kuwait City,Kuwait
134,Layla,Al-Hajri,layla.al-hajri134@email.com,Muscat,Oman
135,Omar,Fahmy,omar.fahmy135@email.com,Muscat,Oman
136,Mona,Khoury,mona.khoury136@email.com,Alexandria,Egypt
137,Mona,Khoury,mona.khoury137@email.com,Doha,Qatar
138,Hamad,Khoury,hamad.khoury138@email.com,Sharjah,UAE
139,Sara,Hassan,sara.hassan139@email.com,Kuwait City,Kuwait
140,Hamad,Mustafa,hamad.mustafa140@email.com,Doha,Qatar
141,Fatima,Al-Hajri,fatima.al-hajri141@email.com,Alexandria,Egypt
142,Sara,Hassan,sara.hassan142@email.com,Manama,Bahrain
143,Yousef,Ali,yousef.ali143@email.com,Manama,Bahrain
144,Fatima,Al-Hajri,fatima.al-hajri144@email.com,Muscat,Oman
145,Layla,Fahmy,layla.fahmy145@email.com,Jeddah,Saudi Arabia
146,Nour,Mustafa,nour.mustafa146@email.com,Muscat,Oman
147,Hamad,Hassan,hamad.hassan147@email.com,Kuwait City,Kuwait
148,Nour,Hassan,nour.hassan148@email.com,Riyadh,Saudi Arabia
149,Sara,Ali,sara.ali149@email.com,Abu Dhabi,UAE
150,Layla,Hassan,layla.hassan150@email.com,Kuwait City,Kuwait
151,Fatima,Khan,fatima.khan151@email.com,Muscat,Oman
152,Sara,Fahmy,sara.fahmy152@email.com,Muscat,Oman
153,Fatima,Al-Hajri,fatima.al-hajri153@email.com,Jeddah,Saudi Arabia
154,Nour,Al-Mansoori,nour.al-mansoori154@email.com,Alexandria,Egypt
155,Ahmed,Hassan,ahmed.hassan155@email.com,Doha,Qatar
156,Khalid,Fahmy,khalid.fahmy156@email.com,Manama,Bahrain
157,Khalid,Hassan,khalid.hassan157@email.com,Kuwait City,Kuwait
158,Sara,Ali,sara.ali158@email.com,Muscat,Oman
159,Khalid,Hassan,khalid.hassan159@email.com,Muscat,Oman
160,Fatima,Ali,fatima.ali160@email.com,Doha,Qatar
161,Layla,Khoury,layla.khoury161@email.com,Kuwait City,Kuwait
162,Yousef,Fahmy,yousef.fahmy162@email.com,Muscat,Oman
163,Ahmed,Al-Mansoori,ahmed.al-mansoori163@email.com,Dubai,UAE
164,Layla,Mustafa,layla.mustafa164@email.com,Manama,Bahrain
165,Fatima,Al-Mansoori,fatima.al-mansoori165@email.com,Muscat,Oman
166,Fatima,Ali,fatima.ali166@email.com,Kuwait City,Kuwait
167,Omar,Hassan,omar.hassan167@email.com,Dammam,Saudi Arabia
168,Khalid,Fahmy,khalid.fahmy168@email.com,Riyadh,Saudi Arabia
169,Omar,Fahmy,omar.fahmy169@email.com,Abu Dhabi,UAE
170,Khalid,Al-Hajri,khalid.al-hajri170@email.com,Doha,Qatar
171,Nour,Ali,nour.ali171@email.com,Dammam,Saudi Arabia
172,Omar,Al-Mansoori,omar.al-mansoori172@email.com,Kuwait City,Kuwait
173,Yousef,Al-Mansoori,yousef.al-mansoori173@email.com,Kuwait City,Kuwait
174,Omar,Mustafa,omar.mustafa174@email.com,Cairo,Egypt
175,Hamad,Ali,hamad.ali175@email.com,Dubai,UAE
176,Omar,Al-Hajri,omar.al-hajri176@email.com,Cairo,Egypt
177,Fatima,Al-Hajri,fatima.al-hajri177@email.com,Muscat,Oman
178,Ahmed,Ali,ahmed.ali178@email.com,Kuwait City,Kuwait
179,Khalid,Al-Hajri,khalid.al-hajri179@email.com,Muscat,Oman
180,Fatima,Ali,fatima.ali180@email.com,Abu Dhabi,UAE
181,Sara,Al-Hajri,sara.al-hajri181@email.com,Kuwait City,Kuwait
182,Fatima,Al-Hajri,fatima.al-hajri182@email.com,Dammam,Saudi Arabia
183,Yousef,Al-Hajri,yousef.al-hajri183@email.com,Sharjah,UAE
184,Layla,Fahmy,layla.fahmy184@email.com,Jeddah,Saudi Arabia
185,Mona,Hassan,mona.hassan185@email.com,Manama,Bahrain
186,Ahmed,Fahmy,ahmed.fahmy186@email.com,Kuwait City,Kuwait
187,Mona,Hassan,mona.hassan187@email.com,Manama,Bahrain
188,Hamad,Hassan,hamad.hassan188@email.com,Jeddah,Saudi Arabia
189,Khalid,Al-Hajri,khalid.al-hajri189@email.com,Manama,Bahrain
190,Mona,Fahmy,mona.fahmy190@email.com,Doha,Qatar
191,Fatima,Khoury,fatima.khoury191@email.com,Dubai,UAE
192,Layla,Al-Mansoori,layla.al-mansoori192@email.com,Alexandria,Egypt
193,Mona,Ali,mona.ali193@email.com,Kuwait City,Kuwait
194,Mona,Ali,mona.ali194@email.com,Alexandria,Egypt
195,Yousef,Al-Mansoori,yousef.al-mansoori195@email.com,Doha,Qatar
196,Hamad,Mustafa,hamad.mustafa196@email.com,Doha,Qatar
197,Yousef,Al-Mansoori,yousef.al-mansoori197@email.com,Alexandria,Egypt
198,Omar,Khan,omar.khan198@email.com,Cairo,Egypt
199,Fatima,Hassan,fatima.hassan199@email.com,Jeddah,Saudi Arabia
200,Sara,Fahmy,sara.fahmy200@email.com,Riyadh,Saudi Arabia
201,Ahmed,Hassan,ahmed.hassan201@email.com,Dammam,Saudi Arabia
202,Yousef,Fahmy,yousef.fahmy202@email.com,Giza,Egypt
203,Hamad,Al-Mansoori,hamad.al-mansoori203@email.com,Sharjah,UAE
204,Hamad,Hassan,hamad.hassan204@email.com,Muscat,Oman
205,Khalid,Khan,khalid.khan205@email.com,Alexandria,Egypt
206,Layla,Al-Hajri,layla.al-hajri206@email.com,Kuwait City,Kuwait
207,Hamad,Khan,hamad.khan207@email.com,Sharjah,UAE
208,Yousef,Khoury,yousef.khoury208@email.com,Manama,Bahrain
209,Nour,Khoury,nour.khoury209@email.com,Muscat,Oman
210,Mona,Khoury,mona.khoury210@email.com,Doha,Qatar
211,Fatima,Al-Mansoori,fatima.al-mansoori211@email.com,Doha,Qatar
212,Fatima,Khoury,fatima.khoury212@email.com,Manama,Bahrain
213,Fatima,Ali,fatima.ali213@email.com,Abu Dhabi,UAE
214,Layla,Mustafa,layla.mustafa214@email.com,Doha,Qatar
215,Ahmed,Khoury,ahmed.khoury215@email.com,Manama,Bahrain
216,Yousef,Hassan,yousef.hassan216@email.com,Manama,Bahrain
217,Mona,Ali,mona.ali217@email.com,Kuwait City,Kuwait
218,Yousef,Ali,yousef.ali218@email.com,Muscat,Oman
219,Nour,Hassan,nour.hassan219@email.com,Riyadh,Saudi Arabia
220,Omar,Hassan,omar.hassan220@email.com,Manama,Bahrain
221,Hamad,Fahmy,hamad.fahmy221@email.com,Kuwait City,Kuwait
222,Khalid,Khoury,khalid.khoury222@email.com,Kuwait City,Kuwait
223,Khalid,Fahmy,khalid.fahmy223@email.com,Manama,Bahrain
224,Fatima,Mustafa,fatima.mustafa224@email.com,Manama,Bahrain
225,Fatima,Al-Hajri,fatima.al-hajri225@email.com,Riyadh,Saudi Arabia
226,Khalid,Mustafa,khalid.mustafa226@email.com,Cairo,Egypt
227,Layla,Al-Mansoori,layla.al-mansoori227@email.com,Kuwait City,Kuwait
228,Ahmed,Fahmy,ahmed.fahmy228@email.com,Cairo,Egypt
229,Mona,Mustafa,mona.mustafa229@email.com,Kuwait City,Kuwait
230,Omar,Mustafa,omar.mustafa230@email.com,Kuwait City,Kuwait
231,Ahmed,Al-Hajri,ahmed.al-hajri231@email.com,Dubai,UAE
232,Ahmed,Ali,ahmed.ali232@email.com,Dubai,UAE
233,Yousef,Hassan,yousef.hassan233@email.com,Alexandria,Egypt
234,Hamad,Hassan,hamad.hassan234@email.com,Riyadh,Saudi Arabia
235,Ahmed,Al-Mansoori,ahmed.al-mansoori235@email.com,Dammam,Saudi Arabia
236,Hamad,Al-Hajri,hamad.al-hajri236@email.com,Muscat,Oman
237,Sara,Khan,sara.khan237@email.com,Manama,Bahrain
238,Layla,Al-Mansoori,layla.al-mansoori238@email.com,Kuwait City,Kuwait
239,Fatima,Al-Hajri,fatima.al-hajri239@email.com,Doha,Qatar
240,Nour,Hassan,nour.hassan240@email.com,Jeddah,Saudi Arabia
241,Ahmed,Khoury,ahmed.khoury241@email.com,Abu Dhabi,UAE
242,Hamad,Al-Hajri,hamad.al-hajri242@email.com,Kuwait City,Kuwait
243,Nour,Al-Hajri,nour.al-hajri243@email.com,Dubai,UAE
244,Layla,Ali,layla.ali244@email.com,Manama,Bahrain
245,Nour,Mustafa,nour.mustafa245@email.com,Muscat,Oman
246,Layla,Hassan,layla.hassan246@email.com,Riyadh,Saudi Arabia
247,Khalid,Khoury,khalid.khoury247@email.com,Doha,Qatar
248,Mona,Al-Hajri,mona.al-hajri248@email.com,Riyadh,Saudi Arabia
249,Nour,Khoury,nour.khoury249@email.com,Alexandria,Egypt
250,Yousef,Khan,yousef.khan250@email.com,Muscat,Oman
251,Omar,Mustafa,omar.mustafa251@email.com,Dammam,Saudi Arabia
252,Khalid,Ali,khalid.ali252@email.com,Muscat,Oman
253,Nour,Khan,nour.khan253@email.com,Muscat,Oman
254,Sara,Khoury,sara.khoury254@email.com,Manama,Bahrain
255,Hamad,Mustafa,hamad.mustafa255@email.com,Riyadh,Saudi Arabia
256,Mona,Al-Mansoori,mona.al-mansoori256@email.com,Giza,Egypt
257,Khalid,Mustafa,khalid.mustafa257@email.com,Dubai,UAE
258,Khalid,Ali,khalid.ali258@email.com,Kuwait City,Kuwait
259,Layla,Ali,layla.ali259@email.com,Alexandria,Egypt
260,Khalid,Hassan,khalid.hassan260@email.com,Muscat,Oman
261,Hamad,Al-Mansoori,hamad.al-mansoori261@email.com,Sharjah,UAE
262,Nour,Hassan,nour.hassan262@email.com,Dubai,UAE
263,Sara,Khoury,sara.khoury263@email.com,Doha,Qatar
264,Omar,Mustafa,omar.mustafa264@email.com,Muscat,Oman
265,Ahmed,Al-Mansoori,ahmed.al-mansoori265@email.com,Alexandria,Egypt
266,Sara,Mustafa,sara.mustafa266@email.com,Alexandria,Egypt
267,Fatima,Khoury,fatima.khoury267@email.com,Doha,Qatar
268,Fatima,Mustafa,fatima.mustafa268@email.com,Riyadh,Saudi Arabia
269,Ahmed,Hassan,ahmed.hassan269@email.com,Doha,Qatar
270,Khalid,Al-Mansoori,khalid.al-mansoori270@email.com,Sharjah,UAE
271,Layla,Ali,layla.ali271@email.com,Muscat,Oman
272,Hamad,Hassan,hamad.hassan272@email.com,Dubai,UAE
273,Layla,Mustafa,layla.mustafa273@email.com,Abu Dhabi,UAE
274,Yousef,Mustafa,yousef.mustafa274@email.com,Doha,Qatar
275,Layla,Al-Mansoori,layla.al-mansoori275@email.com,Giza,Egypt
276,Mona,Hassan,mona.hassan276@email.com,Manama,Bahrain
277,Hamad,Khan,hamad.khan277@email.com,Cairo,Egypt
278,Sara,Fahmy,sara.fahmy278@email.com,Abu Dhabi,UAE
279,Hamad,Al-Hajri,hamad.al-hajri279@email.com,Giza,Egypt
280,Mona,Khan,mona.khan280@email.com,Riyadh,Saudi Arabia
281,Omar,Khoury,omar.khoury281@email.com,Muscat,Oman
282,Fatima,Khan,fatima.khan282@email.com,Jeddah,Saudi Arabia
283,Khalid,Al-Hajri,khalid.al-hajri283@email.com,Doha,Qatar
284,Fatima,Al-Mansoori,fatima.al-mansoori284@email.com,Kuwait City,Kuwait
285,Omar,Fahmy,omar.fahmy285@email.com,Giza,Egypt
286,Yousef,Mustafa,yousef.mustafa286@email.com,Muscat,Oman
287,Sara,Hassan,sara.hassan287@email.com,Sharjah,UAE
288,Mona,Mustafa,mona.mustafa288@email.com,Doha,Qatar
289,Fatima,Fahmy,fatima.fahmy289@email.com,Dammam,Saudi Arabia
290,Khalid,Hassan,khalid.hassan290@email.com,Dammam,Saudi Arabia
291,Sara,Fahmy,sara.fahmy291@email.com,Abu Dhabi,UAE
292,Sara,Al-Mansoori,sara.al-mansoori292@email.com,Doha,Qatar
293,Mona,Hassan,mona.hassan293@email.com,Manama,Bahrain
294,Nour,Khan,nour.khan294@email.com,Manama,Bahrain
295,Hamad,Al-Hajri,hamad.al-hajri295@email.com,Muscat,Oman
296,Omar,Al-Mansoori,omar.al-mansoori296@email.com,Giza,Egypt
297,Ahmed,Mustafa,ahmed.mustafa297@email.com,Doha,Qatar
298,Ahmed,Khoury,ahmed.khoury298@email.com,Manama,Bahrain
299,Fatima,Khoury,fatima.khoury299@email.com,Giza,Egypt
300,Fatima,Hassan,fatima.hassan300@email.com,Muscat,Oman
301,Nour,Al-Hajri,nour.al-hajri301@email.com,Kuwait City,Kuwait
302,Hamad,Fahmy,hamad.fahmy302@email.com,Riyadh,Saudi Arabia
303,Nour,Ali,nour.ali303@email.com,Kuwait City,Kuwait
304,Yousef,Al-Hajri,yousef.al-hajri304@email.com,Manama,Bahrain
305,Hamad,Khan,hamad.khan305@email.com,Manama,Bahrain
306,Hamad,Khoury,hamad.khoury306@email.com,Sharjah,UAE
307,Hamad,Al-Mansoori,hamad.al-mansoori307@email.com,Doha,Qatar
308,Omar,Mustafa,omar.mustafa308@email.com,Kuwait City,Kuwait
309,Omar,Ali,omar.ali309@email.com,Manama,Bahrain
310,Ahmed,Hassan,ahmed.hassan310@email.com,Cairo,Egypt
311,Sara,Fahmy,sara.fahmy311@email.com,Giza,Egypt
312,Omar,Al-Hajri,omar.al-hajri312@email.com,Sharjah,UAE
313,Ahmed,Ali,ahmed.ali313@email.com,Doha,Qatar
314,Yousef,Khan,yousef.khan314@email.com,Manama,Bahrain
315,Yousef,Khan,yousef.khan315@email.com,Manama,Bahrain
316,Khalid,Hassan,khalid.hassan316@email.com,Manama,Bahrain
317,Ahmed,Fahmy,ahmed.fahmy317@email.com,Manama,Bahrain
318,Ahmed,Khan,ahmed.khan318@email.com,Sharjah,UAE
319,Layla,Mustafa,layla.mustafa319@email.com,Doha,Qatar
320,Omar,Fahmy,omar.fahmy320@email.com,Jeddah,Saudi Arabia
321,Nour,Mustafa,nour.mustafa321@email.com,Kuwait City,Kuwait
322,Ahmed,Khoury,ahmed.khoury322@email.com,Muscat,Oman
323,Nour,Hassan,nour.hassan323@email.com,Doha,Qatar
324,Fatima,Al-Mansoori,fatima.al-mansoori324@email.com,Riyadh,Saudi Arabia
325,Mona,Ali,mona.ali325@email.com,Manama,Bahrain
326,Fatima,Al-Mansoori,fatima.al-mansoori326@email.com,Muscat,Oman
327,Yousef,Khan,yousef.khan327@email.com,Dammam,Saudi Arabia
328,Nour,Mustafa,nour.mustafa328@email.com,Manama,Bahrain
329,Hamad,Khoury,hamad.khoury329@email.com,Dammam,Saudi Arabia
330,Hamad,Fahmy,hamad.fahmy330@email.com,Muscat,Oman
331,Mona,Hassan,mona.hassan331@email.com,Muscat,Oman
332,Omar,Ali,omar.ali332@email.com,Muscat,Oman
333,Omar,Al-Hajri,omar.al-hajri333@email.com,Abu Dhabi,UAE
334,Yousef,Khoury,yousef.khoury334@email.com,Dammam,Saudi Arabia
335,Nour,Al-Hajri,nour.al-hajri335@email.com,Manama,Bahrain
336,Sara,Hassan,sara.hassan336@email.com,Dammam,Saudi Arabia
337,Hamad,Mustafa,hamad.mustafa337@email.com,Jeddah,Saudi Arabia
338,Fatima,Mustafa,fatima.mustafa338@email.com,Manama,Bahrain
339,Mona,Fahmy,mona.fahmy339@email.com,Manama,Bahrain
340,Ahmed,Ali,ahmed.ali340@email.com,Muscat,Oman
341,Hamad,Khan,hamad.khan341@email.com,Sharjah,UAE
342,Sara,Mustafa,sara.mustafa342@email.com,Kuwait City,Kuwait
343,Khalid,Al-Mansoori,khalid.al-mansoori343@email.com,Cairo,Egypt
344,Nour,Hassan,nour.hassan344@email.com,Manama,Bahrain
345,Sara,Hassan,sara.hassan345@email.com,Manama,Bahrain
346,Layla,Khoury,layla.khoury346@email.com,Giza,Egypt
347,Ahmed,Khoury,ahmed.khoury347@email.com,Muscat,Oman
348,Nour,Fahmy,nour.fahmy348@email.com,Dammam,Saudi Arabia
349,Khalid,Khan,khalid.khan349@email.com,Cairo,Egypt
350,Omar,Hassan,omar.hassan350@email.com,Kuwait City,Kuwait
351,Mona,Hassan,mona.hassan351@email.com,Kuwait City,Kuwait
352,Hamad,Ali,hamad.ali352@email.com,Alexandria,Egypt
353,Hamad,Ali,hamad.ali353@email.com,Jeddah,Saudi Arabia
354,Hamad,Hassan,hamad.hassan354@email.com,Kuwait City,Kuwait
355,Ahmed,Al-Mansoori,ahmed.al-mansoori355@email.com,Doha,Qatar
356,Omar,Fahmy,omar.fahmy356@email.com,Manama,Bahrain
357,Sara,Khan,sara.khan357@email.com,Alexandria,Egypt
358,Nour,Al-Mansoori,nour.al-mansoori358@email.com,Abu Dhabi,UAE
359,Hamad,Khoury,hamad.khoury359@email.com,Manama,Bahrain
360,Khalid,Al-Hajri,khalid.al-hajri360@email.com,Riyadh,Saudi Arabia
361,Sara,Fahmy,sara.fahmy361@email.com,Giza,Egypt
362,Mona,Al-Hajri,mona.al-hajri362@email.com,Cairo,Egypt
363,Khalid,Mustafa,khalid.mustafa363@email.com,Muscat,Oman
364,Mona,Mustafa,mona.mustafa364@email.com,Doha,Qatar
365,Mona,Al-Mansoori,mona.al-mansoori365@email.com,Muscat,Oman
366,Mona,Khoury,mona.khoury366@email.com,Muscat,Oman
367,Omar,Khan,omar.khan367@email.com,Giza,Egypt
368,Mona,Al-Hajri,mona.al-hajri368@email.com,Muscat,Oman
369,Khalid,Fahmy,khalid.fahmy369@email.com,Cairo,Egypt
370,Hamad,Hassan,hamad.hassan370@email.com,Muscat,Oman
371,Mona,Fahmy,mona.fahmy371@email.com,Kuwait City,Kuwait
372,Khalid,Fahmy,khalid.fahmy372@email.com,Muscat,Oman
373,Layla,Al-Hajri,layla.al-hajri373@email.com,Muscat,Oman
374,Sara,Al-Hajri,sara.al-hajri374@email.com,Manama,Bahrain
375,Hamad,Al-Hajri,hamad.al-hajri375@email.com,Kuwait City,Kuwait
376,Layla,Khoury,layla.khoury376@email.com,Sharjah,UAE
377,Ahmed,Khoury,ahmed.khoury377@email.com,Sharjah,UAE
378,Mona,Al-Hajri,mona.al-hajri378@email.com,Manama,Bahrain
379,Fatima,Al-Hajri,fatima.al-hajri379@email.com,Doha,Qatar
380,Mona,Fahmy,mona.fahmy380@email.com,Dubai,UAE
381,Omar,Al-Hajri,omar.al-hajri381@email.com,Cairo,Egypt
382,Mona,Mustafa,mona.mustafa382@email.com,Alexandria,Egypt
383,Mona,Al-Mansoori,mona.al-mansoori383@email.com,Jeddah,Saudi Arabia
384,Mona,Hassan,mona.hassan384@email.com,Doha,Qatar
385,Omar,Hassan,omar.hassan385@email.com,Kuwait City,Kuwait
386,Nour,Khoury,nour.khoury386@email.com,Manama,Bahrain
387,Nour,Hassan,nour.hassan387@email.com,Sharjah,UAE
388,Sara,Khoury,sara.khoury388@email.com,Doha,Qatar
389,Mona,Fahmy,mona.fahmy389@email.com,Doha,Qatar
390,Omar,Al-Mansoori,omar.al-mansoori390@email.com,Jeddah,Saudi Arabia
391,Hamad,Ali,hamad.ali391@email.com,Muscat,Oman
392,Nour,Khan,nour.khan392@email.com,Doha,Qatar
393,Nour,Mustafa,nour.mustafa393@email.com,Doha,Qatar
394,Yousef,Mustafa,yousef.mustafa394@email.com,Kuwait City,Kuwait
395,Nour,Khan,nour.khan395@email.com,Muscat,Oman
396,Sara,Mustafa,sara.mustafa396@email.com,Riyadh,Saudi Arabia
397,Hamad,Mustafa,hamad.mustafa397@email.com,Manama,Bahrain
398,Layla,Khan,layla.khan398@email.com,Doha,Qatar
399,Fatima,Fahmy,fatima.fahmy399@email.com,Muscat,Oman
400,Ahmed,Mustafa,ahmed.mustafa400@email.com,Dammam,Saudi Arabia
401,Khalid,Al-Mansoori,khalid.al-mansoori401@email.com,Dubai,UAE
402,Layla,Mustafa,layla.mustafa402@email.com,Kuwait City,Kuwait
403,Nour,Hassan,nour.hassan403@email.com,Jeddah,Saudi Arabia
404,Omar,Hassan,omar.hassan404@email.com,Jeddah,Saudi Arabia
405,Mona,Khan,mona.khan405@email.com,Sharjah,UAE
406,Nour,Khoury,nour.khoury406@email.com,Muscat,Oman
407,Fatima,Ali,fatima.ali407@email.com,Cairo,Egypt
408,Sara,Hassan,sara.hassan408@email.com,Dammam,Saudi Arabia
409,Fatima,Khoury,fatima.khoury409@email.com,Doha,Qatar
410,Khalid,Khan,khalid.khan410@email.com,Muscat,Oman
411,Fatima,Khan,fatima.khan411@email.com,Dammam,Saudi Arabia
412,Yousef,Hassan,yousef.hassan412@email.com,Doha,Qatar
413,Yousef,Hassan,yousef.hassan413@email.com,Alexandria,Egypt
414,Omar,Al-Mansoori,omar.al-mansoori414@email.com,Muscat,Oman
415,Ahmed,Hassan,ahmed.hassan415@email.com,Muscat,Oman
416,Mona,Mustafa,mona.mustafa416@email.com,Cairo,Egypt
417,Ahmed,Khan,ahmed.khan417@email.com,Sharjah,UAE
418,Mona,Al-Mansoori,mona.al-mansoori418@email.com,Kuwait City,Kuwait
419,Mona,Khoury,mona.khoury419@email.com,Muscat,Oman
420,Ahmed,Al-Mansoori,ahmed.al-mansoori420@email.com,Kuwait City,Kuwait
421,Fatima,Khoury,fatima.khoury421@email.com,Doha,Qatar
422,Hamad,Fahmy,hamad.fahmy422@email.com,Cairo,Egypt
423,Nour,Mustafa,nour.mustafa423@email.com,Manama,Bahrain
424,Hamad,Fahmy,hamad.fahmy424@email.com,Muscat,Oman
425,Omar,Mustafa,omar.mustafa425@email.com,Muscat,Oman
426,Sara,Khan,sara.khan426@email.com,Manama,Bahrain
427,Khalid,Al-Hajri,khalid.al-hajri427@email.com,Jeddah,Saudi Arabia
428,Fatima,Al-Mansoori,fatima.al-mansoori428@email.com,Giza,Egypt
429,Hamad,Al-Hajri,hamad.al-hajri429@email.com,Muscat,Oman
430,Hamad,Khan,hamad.khan430@email.com,Muscat,Oman
431,Sara,Al-Hajri,sara.al-hajri431@email.com,Doha,Qatar
432,Hamad,Fahmy,hamad.fahmy432@email.com,Alexandria,Egypt
433,Layla,Khoury,layla.khoury433@email.com,Jeddah,Saudi Arabia
434,Khalid,Khan,khalid.khan434@email.com,Doha,Qatar
435,Yousef,Ali,yousef.ali435@email.com,Manama,Bahrain
436,Mona,Mustafa,mona.mustafa436@email.com,Doha,Qatar
437,Khalid,Ali,khalid.ali437@email.com,Manama,Bahrain
438,Ahmed,Hassan,ahmed.hassan438@email.com,Abu Dhabi,UAE
439,Fatima,Ali,fatima.ali439@email.com,Dammam,Saudi Arabia
440,Fatima,Khoury,fatima.khoury440@email.com,Manama,Bahrain
441,Layla,Al-Hajri,layla.al-hajri441@email.com,Doha,Qatar
442,Nour,Khan,nour.khan442@email.com,Doha,Qatar
443,Ahmed,Fahmy,ahmed.fahmy443@email.com,Sharjah,UAE
444,Hamad,Mustafa,hamad.mustafa444@email.com,Muscat,Oman
445,Omar,Fahmy,omar.fahmy445@email.com,Giza,Egypt
446,Mona,Fahmy,mona.fahmy446@email.com,Kuwait City,Kuwait
447,Fatima,Ali,fatima.ali447@email.com,Alexandria,Egypt
448,Nour,Khan,nour.khan448@email.com,Giza,Egypt
449,Yousef,Khoury,yousef.khoury449@email.com,Manama,Bahrain
450,Fatima,Ali,fatima.ali450@email.com,Doha,Qatar
451,Ahmed,Mustafa,ahmed.mustafa451@email.com,Kuwait City,Kuwait
452,Yousef,Fahmy,yousef.fahmy452@email.com,Muscat,Oman
453,Hamad,Al-Hajri,hamad.al-hajri453@email.com,Kuwait City,Kuwait
454,Nour,Fahmy,nour.fahmy454@email.com,Manama,Bahrain
455,Layla,Fahmy,layla.fahmy455@email.com,Alexandria,Egypt
456,Khalid,Ali,khalid.ali456@email.com,Manama,Bahrain
457,Yousef,Hassan,yousef.hassan457@email.com,Jeddah,Saudi Arabia
458,Mona,Hassan,mona.hassan458@email.com,Doha,Qatar
459,Fatima,Ali,fatima.ali459@email.com,Kuwait City,Kuwait
460,Hamad,Hassan,hamad.hassan460@email.com,Alexandria,Egypt
461,Omar,Al-Mansoori,omar.al-mansoori461@email.com,Dubai,UAE
462,Khalid,Khan,khalid.khan462@email.com,Kuwait City,Kuwait
463,Sara,Ali,sara.ali463@email.com,Muscat,Oman
464,Layla,Mustafa,layla.mustafa464@email.com,Manama,Bahrain
465,Omar,Fahmy,omar.fahmy465@email.com,Dammam,Saudi Arabia
466,Fatima,Al-Mansoori,fatima.al-mansoori466@email.com,Kuwait City,Kuwait
467,Fatima,Hassan,fatima.hassan467@email.com,Kuwait City,Kuwait
468,Nour,Mustafa,nour.mustafa468@email.com,Alexandria,Egypt
469,Mona,Khoury,mona.khoury469@email.com,Giza,Egypt
470,Fatima,Khoury,fatima.khoury470@email.com,Kuwait City,Kuwait
471,Omar,Khoury,omar.khoury471@email.com,Cairo,Egypt
472,Layla,Al-Mansoori,layla.al-mansoori472@email.com,Kuwait City,Kuwait
473,Mona,Fahmy,mona.fahmy473@email.com,Sharjah,UAE
474,Hamad,Al-Hajri,hamad.al-hajri474@email.com,Kuwait City,Kuwait
475,Hamad,Hassan,hamad.hassan475@email.com,Doha,Qatar
476,Mona,Mustafa,mona.mustafa476@email.com,Giza,Egypt
477,Layla,Khoury,layla.khoury477@email.com,Doha,Qatar
478,Mona,Hassan,mona.hassan478@email.com,Manama,Bahrain
479,Mona,Fahmy,mona.fahmy479@email.com,Dammam,Saudi Arabia
480,Nour,Al-Hajri,nour.al-hajri480@email.com,Manama,Bahrain
481,Khalid,Khan,khalid.khan481@email.com,Kuwait City,Kuwait
482,Hamad,Mustafa,hamad.mustafa482@email.com,Dubai,UAE
483,Fatima,Hassan,fatima.hassan483@email.com,Muscat,Oman
484,Layla,Hassan,layla.hassan484@email.com,Kuwait City,Kuwait
485,Ahmed,Khoury,ahmed.khoury485@email.com,Abu Dhabi,UAE
486,Khalid,Khan,khalid.khan486@email.com,Manama,Bahrain
487,Layla,Fahmy,layla.fahmy487@email.com,Manama,Bahrain
488,Sara,Khoury,sara.khoury488@email.com,Muscat,Oman
489,Sara,Fahmy,sara.fahmy489@email.com,Doha,Qatar
490,Layla,Mustafa,layla.mustafa490@email.com,Jeddah,Saudi Arabia
491,Omar,Hassan,omar.hassan491@email.com,Muscat,Oman
492,Nour,Al-Mansoori,nour.al-mansoori492@email.com,Kuwait City,Kuwait
493,Layla,Khan,layla.khan493@email.com,Giza,Egypt
494,Khalid,Khoury,khalid.khoury494@email.com,Jeddah,Saudi Arabia
495,Mona,Al-Hajri,mona.al-hajri495@email.com,Muscat,Oman
496,Fatima,Hassan,fatima.hassan496@email.com,Riyadh,Saudi Arabia
497,Fatima,Ali,fatima.ali497@email.com,Dubai,UAE
498,Omar,Al-Hajri,omar.al-hajri498@email.com,Alexandria,Egypt
499,Nour,Mustafa,nour.mustafa499@email.com,Manama,Bahrain
500,Fatima,Al-Hajri,fatima.al-hajri500@email.com,Doha,Qatar
501,Ahmed,Khan,ahmed.khan501@email.com,Muscat,Oman
502,Fatima,Khoury,fatima.khoury502@email.com,Muscat,Oman
503,Mona,Ali,mona.ali503@email.com,Kuwait City,Kuwait
504,Fatima,Fahmy,fatima.fahmy504@email.com,Alexandria,Egypt
505,Layla,Khoury,layla.khoury505@email.com,Kuwait City,Kuwait
506,Nour,Ali,nour.ali506@email.com,Dammam,Saudi Arabia
507,Ahmed,Hassan,ahmed.hassan507@email.com,Riyadh,Saudi Arabia
508,Sara,Ali,sara.ali508@email.com,Doha,Qatar
509,Mona,Khoury,mona.khoury509@email.com,Muscat,Oman
510,Yousef,Hassan,yousef.hassan510@email.com,Manama,Bahrain
511,Ahmed,Al-Mansoori,ahmed.al-mansoori511@email.com,Muscat,Oman
512,Khalid,Al-Hajri,khalid.al-hajri512@email.com,Kuwait City,Kuwait
513,Khalid,Khoury,khalid.khoury513@email.com,Abu Dhabi,UAE
514,Mona,Hassan,mona.hassan514@email.com,Cairo,Egypt
515,Nour,Hassan,nour.hassan515@email.com,Jeddah,Saudi Arabia
516,Nour,Al-Mansoori,nour.al-mansoori516@email.com,Sharjah,UAE
517,Yousef,Ali,yousef.ali517@email.com,Manama,Bahrain
518,Yousef,Al-Mansoori,yousef.al-mansoori518@email.com,Muscat,Oman
519,Omar,Al-Hajri,omar.al-hajri519@email.com,Muscat,Oman
520,Layla,Al-Hajri,layla.al-hajri520@email.com,Doha,Qatar
521,Hamad,Hassan,hamad.hassan521@email.com,Dammam,Saudi Arabia
522,Omar,Ali,omar.ali522@email.com,Doha,Qatar
523,Ahmed,Al-Mansoori,ahmed.al-mansoori523@email.com,Riyadh,Saudi Arabia
524,Omar,Ali,omar.ali524@email.com,Kuwait City,Kuwait
525,Khalid,Khoury,khalid.khoury525@email.com,Abu Dhabi,UAE
526,Layla,Ali,layla.ali526@email.com,Muscat,Oman
527,Nour,Al-Mansoori,nour.al-mansoori527@email.com,Jeddah,Saudi Arabia
528,Nour,Al-Hajri,nour.al-hajri528@email.com,Muscat,Oman
529,Ahmed,Hassan,ahmed.hassan529@email.com,Kuwait City,Kuwait
530,Nour,Al-Mansoori,nour.al-mansoori530@email.com,Doha,Qatar
531,Layla,Fahmy,layla.fahmy531@email.com,Doha,Qatar
532,Hamad,Al-Hajri,hamad.al-hajri532@email.com,Abu Dhabi,UAE
533,Sara,Khan,sara.khan533@email.com,Riyadh,Saudi Arabia
534,Fatima,Fahmy,fatima.fahmy534@email.com,Alexandria,Egypt
535,Khalid,Al-Hajri,khalid.al-hajri535@email.com,Manama,Bahrain
536,Hamad,Fahmy,hamad.fahmy536@email.com,Dammam,Saudi Arabia
537,Layla,Mustafa,layla.mustafa537@email.com,Doha,Qatar
538,Khalid,Khan,khalid.khan538@email.com,Cairo,Egypt
539,Khalid,Fahmy,khalid.fahmy539@email.com,Muscat,Oman
540,Ahmed,Khan,ahmed.khan540@email.com,Alexandria,Egypt
541,Nour,Mustafa,nour.mustafa541@email.com,Abu Dhabi,UAE
542,Sara,Hassan,sara.hassan542@email.com,Manama,Bahrain
543,Yousef,Khoury,yousef.khoury543@email.com,Giza,Egypt
544,Nour,Fahmy,nour.fahmy544@email.com,Jeddah,Saudi Arabia
545,Khalid,Hassan,khalid.hassan545@email.com,Jeddah,Saudi Arabia
546,Layla,Mustafa,layla.mustafa546@email.com,Doha,Qatar
547,Mona,Al-Hajri,mona.al-hajri547@email.com,Cairo,Egypt
548,Mona,Khoury,mona.khoury548@email.com,Manama,Bahrain
549,Layla,Hassan,layla.hassan549@email.com,Giza,Egypt
550,Hamad,Ali,hamad.ali550@email.com,Alexandria,Egypt
551,Ahmed,Al-Hajri,ahmed.al-hajri551@email.com,Manama,Bahrain
552,Ahmed,Khan,ahmed.khan552@email.com,Abu Dhabi,UAE
553,Ahmed,Al-Hajri,ahmed.al-hajri553@email.com,Kuwait City,Kuwait
554,Yousef,Mustafa,yousef.mustafa554@email.com,Dubai,UAE
555,Layla,Fahmy,layla.fahmy555@email.com,Dubai,UAE
556,Ahmed,Ali,ahmed.ali556@email.com,Manama,Bahrain
557,Fatima,Al-Hajri,fatima.al-hajri557@email.com,Kuwait City,Kuwait
558,Hamad,Hassan,hamad.hassan558@email.com,Muscat,Oman
559,Ahmed,Khan,ahmed.khan559@email.com,Abu Dhabi,UAE
560,Ahmed,Al-Mansoori,ahmed.al-mansoori560@email.com,Muscat,Oman
561,Layla,Khan,layla.khan561@email.com,Jeddah,Saudi Arabia
562,Hamad,Hassan,hamad.hassan562@email.com,Doha,Qatar
563,Omar,Ali,omar.ali563@email.com,Manama,Bahrain
564,Fatima,Al-Mansoori,fatima.al-mansoori564@email.com,Muscat,Oman
565,Layla,Khan,layla.khan565@email.com,Jeddah,Saudi Arabia
566,Ahmed,Khan,ahmed.khan566@email.com,Doha,Qatar
567,Mona,Fahmy,mona.fahmy567@email.com,Muscat,Oman
568,Ahmed,Fahmy,ahmed.fahmy568@email.com,Muscat,Oman
569,Mona,Ali,mona.ali569@email.com,Manama,Bahrain
570,Fatima,Al-Hajri,fatima.al-hajri570@email.com,Jeddah,Saudi Arabia
571,Yousef,Khoury,yousef.khoury571@email.com,Kuwait City,Kuwait
572,Nour,Mustafa,nour.mustafa572@email.com,Riyadh,Saudi Arabia
573,Sara,Khan,sara.khan573@email.com,Sharjah,UAE
574,Khalid,Khoury,khalid.khoury574@email.com,Riyadh,Saudi Arabia
575,Ahmed,Hassan,ahmed.hassan575@email.com,Doha,Qatar
576,Sara,Al-Mansoori,sara.al-mansoori576@email.com,Kuwait City,Kuwait
577,Fatima,Fahmy,fatima.fahmy577@email.com,Muscat,Oman
578,Mona,Al-Hajri,mona.al-hajri578@email.com,Alexandria,Egypt
579,Layla,Ali,layla.ali579@email.com,Dubai,UAE
580,Sara,Al-Hajri,sara.al-hajri580@email.com,Doha,Qatar
581,Layla,Khoury,layla.khoury581@email.com,Manama,Bahrain
582,Fatima,Khoury,fatima.khoury582@email.com,Dammam,Saudi Arabia
583,Yousef,Mustafa,yousef.mustafa583@email.com,Giza,Egypt
584,Yousef,Al-Mansoori,yousef.al-mansoori584@email.com,Cairo,Egypt
585,Nour,Khan,nour.khan585@email.com,Kuwait City,Kuwait
586,Nour,Ali,nour.ali586@email.com,Muscat,Oman
587,Sara,Fahmy,sara.fahmy587@email.com,Jeddah,Saudi Arabia
588,Omar,Fahmy,omar.fahmy588@email.com,Dammam,Saudi Arabia
589,Layla,Mustafa,layla.mustafa589@email.com,Muscat,Oman
590,Omar,Al-Mansoori,omar.al-mansoori590@email.com,Sharjah,UAE
591,Hamad,Khan,hamad.khan591@email.com,Manama,Bahrain
592,Yousef,Hassan,yousef.hassan592@email.com,Muscat,Oman
593,Nour,Khan,nour.khan593@email.com,Muscat,Oman
594,Sara,Fahmy,sara.fahmy594@email.com,Jeddah,Saudi Arabia
595,Omar,Ali,omar.ali595@email.com,Cairo,Egypt
596,Layla,Khoury,layla.khoury596@email.com,Kuwait City,Kuwait
597,Yousef,Al-Mansoori,yousef.al-mansoori597@email.com,Dubai,UAE
598,Sara,Ali,sara.ali598@email.com,Alexandria,Egypt
599,Mona,Ali,mona.ali599@email.com,Alexandria,Egypt
600,Ahmed,Khoury,ahmed.khoury600@email.com,Jeddah,Saudi Arabia
