shipper_id,company_name,country
1,Red Sea Freight1,Qatar
2,Oasis Couriers2,Egypt
3,Nile Cargo3,UAE
4,Oasis Couriers4,Kuwait
5,Oasis Couriers5,Qatar
6,Eastern Shipping6,Kuwait
7,Eastern Shipping7,Saudi Arabia
8,Nile Cargo8,Qatar
9,Eastern Shipping9,Bahrain
10,Desert Runners10,Qatar
11,Red Sea Freight11,Kuwait
12,Eastern Shipping12,UAE
13,Arabian Logistics13,Bahrain
14,Red Sea Freight14,Saudi Arabia
15,Arabian Logistics15,Egypt
16,Desert Runners16,Qatar
17,Oasis Couriers17,Oman
18,Desert Runners18,Egypt
19,Nile Cargo19,UAE
20,Oasis Couriers20,Bahrain
