customer_id,first_name,last_name,email,join_date
1,Customer_1,Khalid,customer_1@example.com,2023-12-26 01:11:14.779008
2,Customer_2,Saeed,customer_2@example.com,2023-11-10 01:11:14.779028
3,Customer_3,Mohamed,customer_3@example.com,2025-03-17 01:11:14.779034
4,Customer_4,Fahad,customer_4@example.com,2024-07-26 01:11:14.779038
5,Customer_5,Mohamed,customer_5@example.com,2025-01-21 01:11:14.779042
6,Customer_6,Fahad,customer_6@example.com,2024-10-16 01:11:14.779046
7,Customer_7,Fahad,customer_7@example.com,2024-04-28 01:11:14.779049
8,Customer_8,Khalid,customer_8@example.com,2025-01-26 01:11:14.779052
9,Customer_9,Ahmed,customer_9@example.com,2024-07-25 01:11:14.779055
10,Customer_10,Khalid,customer_10@example.com,2025-08-08 01:11:14.779058
11,Customer_11,Ahmed,customer_11@example.com,2024-01-09 01:11:14.779061
12,Customer_12,Khalid,customer_12@example.com,2024-09-16 01:11:14.779064
13,Customer_13,Mohamed,customer_13@example.com,2025-03-17 01:11:14.779067
14,Customer_14,Fahad,customer_14@example.com,2025-07-16 01:11:14.779070
15,Customer_15,Mohamed,customer_15@example.com,2023-10-30 01:11:14.779073
16,Customer_16,Saeed,customer_16@example.com,2024-08-18 01:11:14.779076
17,Customer_17,Fahad,customer_17@example.com,2024-09-14 01:11:14.779078
18,Customer_18,Ahmed,customer_18@example.com,2024-10-01 01:11:14.779081
19,Customer_19,Khalid,customer_19@example.com,2024-04-29 01:11:14.779084
20,Customer_20,Saeed,customer_20@example.com,2024-12-13 01:11:14.779087
21,Customer_21,Fahad,customer_21@example.com,2025-04-06 01:11:14.779090
22,Customer_22,Mohamed,customer_22@example.com,2025-01-24 01:11:14.779093
23,Customer_23,Fahad,customer_23@example.com,2025-08-07 01:11:14.779096
24,Customer_24,Ahmed,customer_24@example.com,2025-01-23 01:11:14.779099
25,Customer_25,Fahad,customer_25@example.com,2024-09-09 01:11:14.779101
26,Customer_26,Ahmed,customer_26@example.com,2024-04-19 01:11:14.779104
27,Customer_27,Saeed,customer_27@example.com,2025-05-04 01:11:14.779107
28,Customer_28,Ahmed,customer_28@example.com,2024-11-23 01:11:14.779110
29,Customer_29,Fahad,customer_29@example.com,2024-12-02 01:11:14.779113
30,Customer_30,Ahmed,customer_30@example.com,2025-02-20 01:11:14.779116
31,Customer_31,Khalid,customer_31@example.com,2024-07-28 01:11:14.779118
32,Customer_32,Ahmed,customer_32@example.com,2025-02-03 01:11:14.779121
33,Customer_33,Khalid,customer_33@example.com,2023-09-08 01:11:14.779124
34,Customer_34,Khalid,customer_34@example.com,2024-11-17 01:11:14.779127
35,Customer_35,Khalid,customer_35@example.com,2023-09-18 01:11:14.779130
36,Customer_36,Khalid,customer_36@example.com,2024-11-09 01:11:14.779133
37,Customer_37,Mohamed,customer_37@example.com,2023-10-10 01:11:14.779136
38,Customer_38,Saeed,customer_38@example.com,2025-08-14 01:11:14.779139
39,Customer_39,Saeed,customer_39@example.com,2023-09-12 01:11:14.779142
40,Customer_40,Mohamed,customer_40@example.com,2024-12-29 01:11:14.779144
41,Customer_41,Saeed,customer_41@example.com,2023-12-13 01:11:14.779147
42,Customer_42,Fahad,customer_42@example.com,2025-08-27 01:11:14.779150
43,Customer_43,Saeed,customer_43@example.com,2025-03-20 01:11:14.779153
44,Customer_44,Mohamed,customer_44@example.com,2025-04-17 01:11:14.779155
45,Customer_45,Fahad,customer_45@example.com,2024-09-01 01:11:14.779158
46,Customer_46,Khalid,customer_46@example.com,2024-12-21 01:11:14.779161
47,Customer_47,Mohamed,customer_47@example.com,2024-08-29 01:11:14.779164
48,Customer_48,Mohamed,customer_48@example.com,2023-10-11 01:11:14.779166
49,Customer_49,Fahad,customer_49@example.com,2024-05-26 01:11:14.779169
50,Customer_50,Saeed,customer_50@example.com,2025-05-18 01:11:14.779172
51,Customer_51,Ahmed,customer_51@example.com,2024-12-27 01:11:14.779175
52,Customer_52,Mohamed,customer_52@example.com,2024-10-05 01:11:14.779178
53,Customer_53,Fahad,customer_53@example.com,2024-08-05 01:11:14.779181
54,Customer_54,Saeed,customer_54@example.com,2025-01-07 01:11:14.779184
55,Customer_55,Fahad,customer_55@example.com,2024-07-23 01:11:14.779186
56,Customer_56,Ahmed,customer_56@example.com,2024-01-26 01:11:14.779189
57,Customer_57,Fahad,customer_57@example.com,2025-03-12 01:11:14.779192
58,Customer_58,Khalid,customer_58@example.com,2025-01-03 01:11:14.779195
59,Customer_59,Saeed,customer_59@example.com,2023-10-17 01:11:14.779198
60,Customer_60,Saeed,customer_60@example.com,2024-11-30 01:11:14.779200
61,Customer_61,Saeed,customer_61@example.com,2025-07-29 01:11:14.779203
62,Customer_62,Saeed,customer_62@example.com,2025-03-15 01:11:14.779206
63,Customer_63,Khalid,customer_63@example.com,2025-08-06 01:11:14.779209
64,Customer_64,Mohamed,customer_64@example.com,2023-11-11 01:11:14.779212
65,Customer_65,Ahmed,customer_65@example.com,2025-07-16 01:11:14.779214
66,Customer_66,Khalid,customer_66@example.com,2025-04-24 01:11:14.779218
67,Customer_67,Khalid,customer_67@example.com,2024-07-02 01:11:14.779220
68,Customer_68,Ahmed,customer_68@example.com,2024-05-31 01:11:14.779223
69,Customer_69,Khalid,customer_69@example.com,2025-01-21 01:11:14.779226
70,Customer_70,Mohamed,customer_70@example.com,2025-05-20 01:11:14.779229
71,Customer_71,Mohamed,customer_71@example.com,2024-03-16 01:11:14.779232
72,Customer_72,Mohamed,customer_72@example.com,2025-02-22 01:11:14.779234
73,Customer_73,Ahmed,customer_73@example.com,2024-03-24 01:11:14.779237
74,Customer_74,Khalid,customer_74@example.com,2024-06-12 01:11:14.779240
75,Customer_75,Fahad,customer_75@example.com,2025-06-17 01:11:14.779243
76,Customer_76,Ahmed,customer_76@example.com,2024-04-25 01:11:14.779246
77,Customer_77,Khalid,customer_77@example.com,2024-08-11 01:11:14.779249
78,Customer_78,Khalid,customer_78@example.com,2025-06-16 01:11:14.779252
79,Customer_79,Ahmed,customer_79@example.com,2024-08-21 01:11:14.779255
80,Customer_80,Saeed,customer_80@example.com,2024-06-18 01:11:14.779258
81,Customer_81,Fahad,customer_81@example.com,2024-11-08 01:11:14.779260
82,Customer_82,Mohamed,customer_82@example.com,2025-08-15 01:11:14.779263
83,Customer_83,Fahad,customer_83@example.com,2025-06-22 01:11:14.779266
84,Customer_84,Ahmed,customer_84@example.com,2024-05-10 01:11:14.779269
85,Customer_85,Ahmed,customer_85@example.com,2025-07-16 01:11:14.779272
86,Customer_86,Mohamed,customer_86@example.com,2025-03-31 01:11:14.779274
87,Customer_87,Mohamed,customer_87@example.com,2023-12-02 01:11:14.779277
88,Customer_88,Ahmed,customer_88@example.com,2024-08-31 01:11:14.779280
89,Customer_89,Khalid,customer_89@example.com,2024-11-03 01:11:14.779283
90,Customer_90,Saeed,customer_90@example.com,2024-04-06 01:11:14.779286
91,Customer_91,Saeed,customer_91@example.com,2023-11-06 01:11:14.779289
92,Customer_92,Khalid,customer_92@example.com,2023-12-09 01:11:14.779292
93,Customer_93,Mohamed,customer_93@example.com,2023-11-17 01:11:14.779295
94,Customer_94,Mohamed,customer_94@example.com,2023-11-22 01:11:14.779298
95,Customer_95,Ahmed,customer_95@example.com,2023-12-13 01:11:14.779301
96,Customer_96,Ahmed,customer_96@example.com,2025-05-02 01:11:14.779303
97,Customer_97,Ahmed,customer_97@example.com,2025-08-14 01:11:14.779306
98,Customer_98,Khalid,customer_98@example.com,2025-07-20 01:11:14.779309
99,Customer_99,Ahmed,customer_99@example.com,2024-03-12 01:11:14.779312
100,Customer_100,Saeed,customer_100@example.com,2025-03-12 01:11:14.779315
101,Customer_101,Khalid,customer_101@example.com,2024-04-01 01:11:14.779317
102,Customer_102,Khalid,customer_102@example.com,2024-11-09 01:11:14.779320
103,Customer_103,Mohamed,customer_103@example.com,2024-12-31 01:11:14.779323
104,Customer_104,Mohamed,customer_104@example.com,2025-01-29 01:11:14.779326
105,Customer_105,Fahad,customer_105@example.com,2025-02-02 01:11:14.779328
106,Customer_106,Mohamed,customer_106@example.com,2023-09-22 01:11:14.779331
107,Customer_107,Khalid,customer_107@example.com,2025-03-20 01:11:14.779334
108,Customer_108,Khalid,customer_108@example.com,2024-12-08 01:11:14.779337
109,Customer_109,Fahad,customer_109@example.com,2024-05-05 01:11:14.779340
110,Customer_110,Khalid,customer_110@example.com,2023-09-28 01:11:14.779344
111,Customer_111,Ahmed,customer_111@example.com,2023-11-04 01:11:14.779347
112,Customer_112,Mohamed,customer_112@example.com,2025-02-01 01:11:14.779349
113,Customer_113,Saeed,customer_113@example.com,2024-04-23 01:11:14.779352
114,Customer_114,Saeed,customer_114@example.com,2024-11-30 01:11:14.779355
115,Customer_115,Khalid,customer_115@example.com,2023-12-11 01:11:14.779358
116,Customer_116,Fahad,customer_116@example.com,2024-11-13 01:11:14.779361
117,Customer_117,Ahmed,customer_117@example.com,2023-10-19 01:11:14.779364
118,Customer_118,Fahad,customer_118@example.com,2025-03-15 01:11:14.779366
119,Customer_119,Fahad,customer_119@example.com,2024-05-24 01:11:14.779369
120,Customer_120,Mohamed,customer_120@example.com,2025-02-24 01:11:14.779372
121,Customer_121,Mohamed,customer_121@example.com,2024-07-14 01:11:14.779375
122,Customer_122,Saeed,customer_122@example.com,2024-08-15 01:11:14.779381
123,Customer_123,Saeed,customer_123@example.com,2024-07-24 01:11:14.779384
124,Customer_124,Khalid,customer_124@example.com,2024-06-24 01:11:14.779387
125,Customer_125,Khalid,customer_125@example.com,2025-04-19 01:11:14.779390
126,Customer_126,Fahad,customer_126@example.com,2023-10-25 01:11:14.779393
127,Customer_127,Saeed,customer_127@example.com,2025-03-03 01:11:14.779396
128,Customer_128,Saeed,customer_128@example.com,2025-06-17 01:11:14.779398
129,Customer_129,Saeed,customer_129@example.com,2024-02-03 01:11:14.779401
130,Customer_130,Saeed,customer_130@example.com,2024-07-15 01:11:14.779405
131,Customer_131,Mohamed,customer_131@example.com,2024-03-25 01:11:14.779408
132,Customer_132,Saeed,customer_132@example.com,2025-03-19 01:11:14.779411
133,Customer_133,Ahmed,customer_133@example.com,2024-12-08 01:11:14.779414
134,Customer_134,Mohamed,customer_134@example.com,2024-03-20 01:11:14.779416
135,Customer_135,Saeed,customer_135@example.com,2024-02-26 01:11:14.779419
136,Customer_136,Saeed,customer_136@example.com,2024-12-24 01:11:14.779422
137,Customer_137,Ahmed,customer_137@example.com,2025-08-13 01:11:14.779425
138,Customer_138,Ahmed,customer_138@example.com,2023-09-06 01:11:14.779428
139,Customer_139,Khalid,customer_139@example.com,2025-02-22 01:11:14.779431
140,Customer_140,Mohamed,customer_140@example.com,2024-12-23 01:11:14.779433
141,Customer_141,Ahmed,customer_141@example.com,2024-06-01 01:11:14.779436
142,Customer_142,Mohamed,customer_142@example.com,2024-06-22 01:11:14.779439
143,Customer_143,Saeed,customer_143@example.com,2024-03-20 01:11:14.779442
144,Customer_144,Khalid,customer_144@example.com,2024-11-02 01:11:14.779445
145,Customer_145,Saeed,customer_145@example.com,2025-08-20 01:11:14.779448
146,Customer_146,Saeed,customer_146@example.com,2024-03-06 01:11:14.779451
147,Customer_147,Ahmed,customer_147@example.com,2025-04-04 01:11:14.779453
148,Customer_148,Ahmed,customer_148@example.com,2024-09-04 01:11:14.779456
149,Customer_149,Ahmed,customer_149@example.com,2024-02-10 01:11:14.779459
150,Customer_150,Ahmed,customer_150@example.com,2023-10-21 01:11:14.779462
151,Customer_151,Khalid,customer_151@example.com,2024-12-31 01:11:14.779465
152,Customer_152,Ahmed,customer_152@example.com,2023-09-03 01:11:14.779468
153,Customer_153,Fahad,customer_153@example.com,2024-01-06 01:11:14.779470
154,Customer_154,Ahmed,customer_154@example.com,2024-01-29 01:11:14.779473
155,Customer_155,Ahmed,customer_155@example.com,2023-10-10 01:11:14.779476
156,Customer_156,Saeed,customer_156@example.com,2025-02-12 01:11:14.779479
157,Customer_157,Fahad,customer_157@example.com,2023-11-01 01:11:14.779482
158,Customer_158,Mohamed,customer_158@example.com,2024-06-20 01:11:14.779484
159,Customer_159,Fahad,customer_159@example.com,2024-09-17 01:11:14.779487
160,Customer_160,Khalid,customer_160@example.com,2024-09-07 01:11:14.779490
161,Customer_161,Mohamed,customer_161@example.com,2024-01-02 01:11:14.779492
162,Customer_162,Khalid,customer_162@example.com,2024-05-03 01:11:14.779495
163,Customer_163,Saeed,customer_163@example.com,2024-01-11 01:11:14.779498
164,Customer_164,Ahmed,customer_164@example.com,2024-11-24 01:11:14.779501
165,Customer_165,Fahad,customer_165@example.com,2025-03-26 01:11:14.779504
166,Customer_166,Fahad,customer_166@example.com,2024-05-07 01:11:14.779506
167,Customer_167,Saeed,customer_167@example.com,2024-11-20 01:11:14.779509
168,Customer_168,Ahmed,customer_168@example.com,2025-01-27 01:11:14.779512
169,Customer_169,Saeed,customer_169@example.com,2024-07-04 01:11:14.779515
170,Customer_170,Fahad,customer_170@example.com,2024-08-17 01:11:14.779518
171,Customer_171,Khalid,customer_171@example.com,2023-11-21 01:11:14.779520
172,Customer_172,Ahmed,customer_172@example.com,2024-10-24 01:11:14.779523
173,Customer_173,Mohamed,customer_173@example.com,2024-12-23 01:11:14.779526
174,Customer_174,Ahmed,customer_174@example.com,2023-09-18 01:11:14.779529
175,Customer_175,Khalid,customer_175@example.com,2024-10-14 01:11:14.779532
176,Customer_176,Saeed,customer_176@example.com,2023-09-23 01:11:14.779535
177,Customer_177,Mohamed,customer_177@example.com,2024-11-21 01:11:14.779538
178,Customer_178,Fahad,customer_178@example.com,2025-02-12 01:11:14.779540
179,Customer_179,Saeed,customer_179@example.com,2025-02-13 01:11:14.779543
180,Customer_180,Saeed,customer_180@example.com,2024-03-06 01:11:14.779546
181,Customer_181,Saeed,customer_181@example.com,2024-02-17 01:11:14.779549
182,Customer_182,Mohamed,customer_182@example.com,2024-11-28 01:11:14.779552
183,Customer_183,Saeed,customer_183@example.com,2024-10-24 01:11:14.779554
184,Customer_184,Fahad,customer_184@example.com,2023-11-21 01:11:14.779558
185,Customer_185,Ahmed,customer_185@example.com,2024-05-16 01:11:14.779561
186,Customer_186,Fahad,customer_186@example.com,2024-07-07 01:11:14.779563
187,Customer_187,Fahad,customer_187@example.com,2023-11-20 01:11:14.779566
188,Customer_188,Fahad,customer_188@example.com,2025-08-10 01:11:14.779569
189,Customer_189,Mohamed,customer_189@example.com,2024-01-30 01:11:14.779572
190,Customer_190,Saeed,customer_190@example.com,2025-05-10 01:11:14.779575
191,Customer_191,Mohamed,customer_191@example.com,2024-01-08 01:11:14.779577
192,Customer_192,Ahmed,customer_192@example.com,2025-01-19 01:11:14.779580
193,Customer_193,Saeed,customer_193@example.com,2024-11-13 01:11:14.779583
194,Customer_194,Khalid,customer_194@example.com,2025-03-20 01:11:14.779586
195,Customer_195,Saeed,customer_195@example.com,2024-02-25 01:11:14.779589
196,Customer_196,Saeed,customer_196@example.com,2024-02-08 01:11:14.779592
197,Customer_197,Fahad,customer_197@example.com,2025-02-01 01:11:14.779595
198,Customer_198,Khalid,customer_198@example.com,2024-05-08 01:11:14.779597
199,Customer_199,Khalid,customer_199@example.com,2024-06-02 01:11:14.779600
200,Customer_200,Mohamed,customer_200@example.com,2023-11-06 01:11:14.779603
201,Customer_201,Ahmed,customer_201@example.com,2024-01-02 01:11:14.779606
202,Customer_202,Ahmed,customer_202@example.com,2024-11-18 01:11:14.779609
203,Customer_203,Khalid,customer_203@example.com,2024-12-25 01:11:14.779612
204,Customer_204,Mohamed,customer_204@example.com,2024-11-22 01:11:14.779614
205,Customer_205,Ahmed,customer_205@example.com,2025-08-10 01:11:14.779617
206,Customer_206,Mohamed,customer_206@example.com,2024-10-02 01:11:14.779622
207,Customer_207,Mohamed,customer_207@example.com,2025-06-10 01:11:14.779625
208,Customer_208,Mohamed,customer_208@example.com,2024-04-21 01:11:14.779628
209,Customer_209,Saeed,customer_209@example.com,2024-05-29 01:11:14.779631
210,Customer_210,Khalid,customer_210@example.com,2024-12-26 01:11:14.779634
211,Customer_211,Ahmed,customer_211@example.com,2025-06-15 01:11:14.779637
212,Customer_212,Mohamed,customer_212@example.com,2024-11-28 01:11:14.779640
213,Customer_213,Mohamed,customer_213@example.com,2024-03-27 01:11:14.779642
214,Customer_214,Fahad,customer_214@example.com,2025-08-25 01:11:14.779645
215,Customer_215,Khalid,customer_215@example.com,2023-10-28 01:11:14.779648
216,Customer_216,Fahad,customer_216@example.com,2024-12-29 01:11:14.779651
217,Customer_217,Fahad,customer_217@example.com,2024-02-23 01:11:14.779654
218,Customer_218,Mohamed,customer_218@example.com,2023-11-17 01:11:14.779657
219,Customer_219,Mohamed,customer_219@example.com,2024-05-06 01:11:14.779659
220,Customer_220,Mohamed,customer_220@example.com,2024-06-12 01:11:14.779662
221,Customer_221,Fahad,customer_221@example.com,2023-12-11 01:11:14.779665
222,Customer_222,Ahmed,customer_222@example.com,2024-11-26 01:11:14.779668
223,Customer_223,Saeed,customer_223@example.com,2025-04-09 01:11:14.779670
224,Customer_224,Saeed,customer_224@example.com,2025-04-29 01:11:14.779673
225,Customer_225,Ahmed,customer_225@example.com,2023-11-24 01:11:14.779676
226,Customer_226,Saeed,customer_226@example.com,2025-05-01 01:11:14.779679
227,Customer_227,Mohamed,customer_227@example.com,2025-08-16 01:11:14.779682
228,Customer_228,Saeed,customer_228@example.com,2025-03-28 01:11:14.779684
229,Customer_229,Saeed,customer_229@example.com,2025-06-27 01:11:14.779687
230,Customer_230,Khalid,customer_230@example.com,2024-10-20 01:11:14.779690
231,Customer_231,Fahad,customer_231@example.com,2025-03-06 01:11:14.779693
232,Customer_232,Saeed,customer_232@example.com,2024-11-06 01:11:14.779695
233,Customer_233,Mohamed,customer_233@example.com,2023-12-04 01:11:14.779698
234,Customer_234,Saeed,customer_234@example.com,2024-03-06 01:11:14.779701
235,Customer_235,Ahmed,customer_235@example.com,2024-06-17 01:11:14.779704
236,Customer_236,Fahad,customer_236@example.com,2023-09-24 01:11:14.779707
237,Customer_237,Fahad,customer_237@example.com,2024-01-30 01:11:14.779710
238,Customer_238,Khalid,customer_238@example.com,2024-02-09 01:11:14.779712
239,Customer_239,Saeed,customer_239@example.com,2023-12-29 01:11:14.779715
240,Customer_240,Khalid,customer_240@example.com,2024-04-18 01:11:14.779718
241,Customer_241,Mohamed,customer_241@example.com,2025-01-31 01:11:14.779721
242,Customer_242,Mohamed,customer_242@example.com,2024-08-31 01:11:14.779724
243,Customer_243,Khalid,customer_243@example.com,2024-03-05 01:11:14.779727
244,Customer_244,Saeed,customer_244@example.com,2025-08-10 01:11:14.779730
245,Customer_245,Fahad,customer_245@example.com,2025-06-24 01:11:14.779733
246,Customer_246,Khalid,customer_246@example.com,2025-08-11 01:11:14.779736
247,Customer_247,Khalid,customer_247@example.com,2024-06-05 01:11:14.779739
248,Customer_248,Fahad,customer_248@example.com,2024-03-12 01:11:14.779743
249,Customer_249,Saeed,customer_249@example.com,2025-02-13 01:11:14.779746
250,Customer_250,Ahmed,customer_250@example.com,2024-02-13 01:11:14.779749
251,Customer_251,Ahmed,customer_251@example.com,2023-12-01 01:11:14.779752
252,Customer_252,Ahmed,customer_252@example.com,2024-06-07 01:11:14.779755
253,Customer_253,Saeed,customer_253@example.com,2023-09-03 01:11:14.779757
254,Customer_254,Mohamed,customer_254@example.com,2024-07-14 01:11:14.779760
255,Customer_255,Fahad,customer_255@example.com,2025-05-28 01:11:14.779763
256,Customer_256,Fahad,customer_256@example.com,2024-05-01 01:11:14.779765
257,Customer_257,Mohamed,customer_257@example.com,2024-03-28 01:11:14.779768
258,Customer_258,Mohamed,customer_258@example.com,2024-03-22 01:11:14.779771
259,Customer_259,Mohamed,customer_259@example.com,2023-12-05 01:11:14.779774
260,Customer_260,Fahad,customer_260@example.com,2024-07-09 01:11:14.779777
261,Customer_261,Khalid,customer_261@example.com,2023-11-10 01:11:14.779780
262,Customer_262,Khalid,customer_262@example.com,2025-07-10 01:11:14.779783
263,Customer_263,Fahad,customer_263@example.com,2023-11-29 01:11:14.779786
264,Customer_264,Fahad,customer_264@example.com,2024-02-13 01:11:14.779788
265,Customer_265,Ahmed,customer_265@example.com,2025-02-03 01:11:14.779791
266,Customer_266,Fahad,customer_266@example.com,2025-05-22 01:11:14.779794
267,Customer_267,Mohamed,customer_267@example.com,2024-05-26 01:11:14.779797
268,Customer_268,Ahmed,customer_268@example.com,2024-03-25 01:11:14.779800
269,Customer_269,Fahad,customer_269@example.com,2024-02-25 01:11:14.779802
270,Customer_270,Fahad,customer_270@example.com,2024-02-14 01:11:14.779805
271,Customer_271,Khalid,customer_271@example.com,2025-08-18 01:11:14.779808
272,Customer_272,Ahmed,customer_272@example.com,2024-12-13 01:11:14.779811
273,Customer_273,Saeed,customer_273@example.com,2024-02-23 01:11:14.779814
274,Customer_274,Saeed,customer_274@example.com,2024-03-19 01:11:14.779817
275,Customer_275,Mohamed,customer_275@example.com,2025-02-12 01:11:14.779820
276,Customer_276,Saeed,customer_276@example.com,2024-10-03 01:11:14.779822
277,Customer_277,Saeed,customer_277@example.com,2025-05-27 01:11:14.779825
278,Customer_278,Saeed,customer_278@example.com,2023-09-16 01:11:14.779828
279,Customer_279,Ahmed,customer_279@example.com,2025-02-11 01:11:14.779831
280,Customer_280,Fahad,customer_280@example.com,2025-04-15 01:11:14.779833
281,Customer_281,Mohamed,customer_281@example.com,2024-09-27 01:11:14.779836
282,Customer_282,Mohamed,customer_282@example.com,2023-11-23 01:11:14.779839
283,Customer_283,Mohamed,customer_283@example.com,2024-04-15 01:11:14.779842
284,Customer_284,Fahad,customer_284@example.com,2023-10-20 01:11:14.779844
285,Customer_285,Ahmed,customer_285@example.com,2023-11-11 01:11:14.779847
286,Customer_286,Fahad,customer_286@example.com,2024-05-17 01:11:14.779850
287,Customer_287,Ahmed,customer_287@example.com,2024-05-24 01:11:14.779852
288,Customer_288,Ahmed,customer_288@example.com,2024-08-27 01:11:14.779855
289,Customer_289,Saeed,customer_289@example.com,2025-02-08 01:11:14.779858
290,Customer_290,Fahad,customer_290@example.com,2024-12-26 01:11:14.779861
291,Customer_291,Mohamed,customer_291@example.com,2024-05-09 01:11:14.779867
292,Customer_292,Fahad,customer_292@example.com,2025-04-06 01:11:14.779869
293,Customer_293,Saeed,customer_293@example.com,2023-10-15 01:11:14.779872
294,Customer_294,Saeed,customer_294@example.com,2024-05-13 01:11:14.779875
295,Customer_295,Saeed,customer_295@example.com,2024-03-28 01:11:14.779878
296,Customer_296,Saeed,customer_296@example.com,2025-02-07 01:11:14.779881
297,Customer_297,Mohamed,customer_297@example.com,2024-02-23 01:11:14.779884
298,Customer_298,Ahmed,customer_298@example.com,2023-10-04 01:11:14.779887
299,Customer_299,Saeed,customer_299@example.com,2024-05-13 01:11:14.779890
300,Customer_300,Mohamed,customer_300@example.com,2024-03-28 01:11:14.779892
301,Customer_301,Mohamed,customer_301@example.com,2023-11-06 01:11:14.779895
302,Customer_302,Saeed,customer_302@example.com,2024-07-24 01:11:14.779898
303,Customer_303,Fahad,customer_303@example.com,2025-07-02 01:11:14.779901
304,Customer_304,Fahad,customer_304@example.com,2024-10-01 01:11:14.779903
305,Customer_305,Saeed,customer_305@example.com,2024-09-17 01:11:14.779906
306,Customer_306,Saeed,customer_306@example.com,2025-07-28 01:11:14.779909
307,Customer_307,Mohamed,customer_307@example.com,2023-10-02 01:11:14.779912
308,Customer_308,Saeed,customer_308@example.com,2023-09-29 01:11:14.779915
309,Customer_309,Khalid,customer_309@example.com,2025-01-05 01:11:14.779918
310,Customer_310,Saeed,customer_310@example.com,2024-04-21 01:11:14.779921
311,Customer_311,Saeed,customer_311@example.com,2025-07-17 01:11:14.779924
312,Customer_312,Mohamed,customer_312@example.com,2025-05-31 01:11:14.779928
313,Customer_313,Saeed,customer_313@example.com,2023-11-21 01:11:14.779930
314,Customer_314,Khalid,customer_314@example.com,2024-11-26 01:11:14.779933
315,Customer_315,Ahmed,customer_315@example.com,2024-01-01 01:11:14.779936
316,Customer_316,Ahmed,customer_316@example.com,2025-01-14 01:11:14.779939
317,Customer_317,Ahmed,customer_317@example.com,2025-08-26 01:11:14.779942
318,Customer_318,Mohamed,customer_318@example.com,2024-04-02 01:11:14.779946
319,Customer_319,Khalid,customer_319@example.com,2025-06-20 01:11:14.779948
320,Customer_320,Saeed,customer_320@example.com,2023-10-14 01:11:14.779951
321,Customer_321,Saeed,customer_321@example.com,2023-09-03 01:11:14.779954
322,Customer_322,Khalid,customer_322@example.com,2024-01-14 01:11:14.779957
323,Customer_323,Mohamed,customer_323@example.com,2025-03-14 01:11:14.779960
324,Customer_324,Fahad,customer_324@example.com,2024-07-19 01:11:14.779963
325,Customer_325,Ahmed,customer_325@example.com,2024-05-18 01:11:14.779966
326,Customer_326,Saeed,customer_326@example.com,2025-05-27 01:11:14.779969
327,Customer_327,Fahad,customer_327@example.com,2025-03-15 01:11:14.779971
328,Customer_328,Fahad,customer_328@example.com,2024-10-31 01:11:14.779974
329,Customer_329,Fahad,customer_329@example.com,2024-09-08 01:11:14.779977
330,Customer_330,Mohamed,customer_330@example.com,2025-08-15 01:11:14.779980
331,Customer_331,Ahmed,customer_331@example.com,2024-06-02 01:11:14.779982
332,Customer_332,Fahad,customer_332@example.com,2024-04-21 01:11:14.779985
333,Customer_333,Saeed,customer_333@example.com,2024-07-19 01:11:14.779989
334,Customer_334,Saeed,customer_334@example.com,2024-04-17 01:11:14.779992
335,Customer_335,Mohamed,customer_335@example.com,2024-08-23 01:11:14.779994
336,Customer_336,Khalid,customer_336@example.com,2025-02-23 01:11:14.779997
337,Customer_337,Mohamed,customer_337@example.com,2024-10-29 01:11:14.780000
338,Customer_338,Mohamed,customer_338@example.com,2023-10-26 01:11:14.780003
339,Customer_339,Ahmed,customer_339@example.com,2023-11-29 01:11:14.780006
340,Customer_340,Mohamed,customer_340@example.com,2024-03-26 01:11:14.780009
341,Customer_341,Mohamed,customer_341@example.com,2024-05-11 01:11:14.780012
342,Customer_342,Khalid,customer_342@example.com,2025-01-31 01:11:14.780014
343,Customer_343,Mohamed,customer_343@example.com,2023-11-10 01:11:14.780017
344,Customer_344,Ahmed,customer_344@example.com,2023-12-10 01:11:14.780020
345,Customer_345,Fahad,customer_345@example.com,2024-12-28 01:11:14.780023
346,Customer_346,Mohamed,customer_346@example.com,2025-05-27 01:11:14.780026
347,Customer_347,Khalid,customer_347@example.com,2025-04-16 01:11:14.780028
348,Customer_348,Fahad,customer_348@example.com,2024-07-08 01:11:14.780031
349,Customer_349,Khalid,customer_349@example.com,2024-01-09 01:11:14.780034
350,Customer_350,Khalid,customer_350@example.com,2023-10-03 01:11:14.780037
351,Customer_351,Saeed,customer_351@example.com,2024-02-23 01:11:14.780040
352,Customer_352,Mohamed,customer_352@example.com,2024-04-28 01:11:14.780043
353,Customer_353,Saeed,customer_353@example.com,2024-09-11 01:11:14.780046
354,Customer_354,Fahad,customer_354@example.com,2024-09-19 01:11:14.780049
355,Customer_355,Mohamed,customer_355@example.com,2023-11-22 01:11:14.780052
356,Customer_356,Fahad,customer_356@example.com,2023-12-18 01:11:14.780055
357,Customer_357,Fahad,customer_357@example.com,2024-04-13 01:11:14.780058
358,Customer_358,Saeed,customer_358@example.com,2024-02-01 01:11:14.780061
359,Customer_359,Ahmed,customer_359@example.com,2023-12-10 01:11:14.780064
360,Customer_360,Ahmed,customer_360@example.com,2023-09-05 01:11:14.780067
361,Customer_361,Ahmed,customer_361@example.com,2025-03-04 01:11:14.780070
362,Customer_362,Ahmed,customer_362@example.com,2024-06-10 01:11:14.780073
363,Customer_363,Fahad,customer_363@example.com,2024-08-05 01:11:14.780075
364,Customer_364,Mohamed,customer_364@example.com,2024-12-29 01:11:14.780080
365,Customer_365,Mohamed,customer_365@example.com,2024-04-18 01:11:14.780083
366,Customer_366,Ahmed,customer_366@example.com,2024-04-04 01:11:14.780086
367,Customer_367,Mohamed,customer_367@example.com,2024-07-01 01:11:14.780088
368,Customer_368,Saeed,customer_368@example.com,2024-05-18 01:11:14.780091
369,Customer_369,Ahmed,customer_369@example.com,2024-05-17 01:11:14.780094
370,Customer_370,Fahad,customer_370@example.com,2024-12-31 01:11:14.780097
371,Customer_371,Ahmed,customer_371@example.com,2023-11-19 01:11:14.780100
372,Customer_372,Mohamed,customer_372@example.com,2023-12-26 01:11:14.780103
373,Customer_373,Khalid,customer_373@example.com,2025-01-31 01:11:14.780106
374,Customer_374,Fahad,customer_374@example.com,2024-07-03 01:11:14.780109
375,Customer_375,Mohamed,customer_375@example.com,2024-03-21 01:11:14.780112
376,Customer_376,Khalid,customer_376@example.com,2024-05-13 01:11:14.780121
377,Customer_377,Saeed,customer_377@example.com,2025-03-08 01:11:14.780136
378,Customer_378,Saeed,customer_378@example.com,2024-11-25 01:11:14.780139
379,Customer_379,Khalid,customer_379@example.com,2024-08-28 01:11:14.780142
380,Customer_380,Khalid,customer_380@example.com,2024-06-02 01:11:14.780144
381,Customer_381,Mohamed,customer_381@example.com,2025-02-17 01:11:14.780147
382,Customer_382,Mohamed,customer_382@example.com,2024-05-05 01:11:14.780150
383,Customer_383,Mohamed,customer_383@example.com,2025-04-21 01:11:14.780153
384,Customer_384,Mohamed,customer_384@example.com,2025-01-24 01:11:14.780156
385,Customer_385,Fahad,customer_385@example.com,2024-04-06 01:11:14.780159
386,Customer_386,Saeed,customer_386@example.com,2025-06-28 01:11:14.780162
387,Customer_387,Fahad,customer_387@example.com,2024-06-28 01:11:14.780164
388,Customer_388,Saeed,customer_388@example.com,2024-02-09 01:11:14.780167
389,Customer_389,Saeed,customer_389@example.com,2024-05-03 01:11:14.780170
390,Customer_390,Ahmed,customer_390@example.com,2025-08-05 01:11:14.780173
391,Customer_391,Ahmed,customer_391@example.com,2024-08-20 01:11:14.780175
392,Customer_392,Mohamed,customer_392@example.com,2024-04-21 01:11:14.780178
393,Customer_393,Saeed,customer_393@example.com,2023-11-05 01:11:14.780181
394,Customer_394,Fahad,customer_394@example.com,2024-10-31 01:11:14.780184
395,Customer_395,Saeed,customer_395@example.com,2023-11-18 01:11:14.780188
396,Customer_396,Ahmed,customer_396@example.com,2023-10-23 01:11:14.780190
397,Customer_397,Ahmed,customer_397@example.com,2025-08-05 01:11:14.780194
398,Customer_398,Fahad,customer_398@example.com,2025-02-07 01:11:14.780197
399,Customer_399,Fahad,customer_399@example.com,2023-12-29 01:11:14.780200
400,Customer_400,Khalid,customer_400@example.com,2024-07-23 01:11:14.780203
401,Customer_401,Saeed,customer_401@example.com,2024-06-21 01:11:14.780206
402,Customer_402,Mohamed,customer_402@example.com,2025-07-30 01:11:14.780209
403,Customer_403,Ahmed,customer_403@example.com,2024-11-23 01:11:14.780212
404,Customer_404,Mohamed,customer_404@example.com,2024-09-16 01:11:14.780215
405,Customer_405,Khalid,customer_405@example.com,2024-11-21 01:11:14.780218
406,Customer_406,Saeed,customer_406@example.com,2024-08-15 01:11:14.780221
407,Customer_407,Mohamed,customer_407@example.com,2024-12-17 01:11:14.780224
408,Customer_408,Mohamed,customer_408@example.com,2024-09-17 01:11:14.780227
409,Customer_409,Mohamed,customer_409@example.com,2024-05-07 01:11:14.780230
410,Customer_410,Mohamed,customer_410@example.com,2025-05-21 01:11:14.780233
411,Customer_411,Fahad,customer_411@example.com,2024-02-01 01:11:14.780236
412,Customer_412,Khalid,customer_412@example.com,2023-12-06 01:11:14.780238
413,Customer_413,Fahad,customer_413@example.com,2025-03-15 01:11:14.780241
414,Customer_414,Khalid,customer_414@example.com,2023-10-08 01:11:14.780244
415,Customer_415,Khalid,customer_415@example.com,2025-03-06 01:11:14.780247
416,Customer_416,Fahad,customer_416@example.com,2025-05-23 01:11:14.780250
417,Customer_417,Fahad,customer_417@example.com,2024-12-02 01:11:14.780253
418,Customer_418,Saeed,customer_418@example.com,2024-11-08 01:11:14.780256
419,Customer_419,Saeed,customer_419@example.com,2024-03-28 01:11:14.780258
420,Customer_420,Ahmed,customer_420@example.com,2025-08-14 01:11:14.780261
421,Customer_421,Mohamed,customer_421@example.com,2025-08-09 01:11:14.780264
422,Customer_422,Saeed,customer_422@example.com,2024-12-01 01:11:14.780267
423,Customer_423,Mohamed,customer_423@example.com,2025-03-18 01:11:14.780270
424,Customer_424,Khalid,customer_424@example.com,2024-10-03 01:11:14.780272
425,Customer_425,Mohamed,customer_425@example.com,2025-08-21 01:11:14.780275
426,Customer_426,Fahad,customer_426@example.com,2025-02-28 01:11:14.780278
427,Customer_427,Mohamed,customer_427@example.com,2024-12-02 01:11:14.780281
428,Customer_428,Fahad,customer_428@example.com,2025-05-08 01:11:14.780284
429,Customer_429,Saeed,customer_429@example.com,2023-11-24 01:11:14.780287
430,Customer_430,Saeed,customer_430@example.com,2024-02-13 01:11:14.780290
431,Customer_431,Ahmed,customer_431@example.com,2024-03-31 01:11:14.780293
432,Customer_432,Saeed,customer_432@example.com,2024-04-18 01:11:14.780295
433,Customer_433,Saeed,customer_433@example.com,2023-11-12 01:11:14.780298
434,Customer_434,Fahad,customer_434@example.com,2025-08-15 01:11:14.780301
435,Customer_435,Ahmed,customer_435@example.com,2023-10-16 01:11:14.780304
436,Customer_436,Khalid,customer_436@example.com,2025-06-02 01:11:14.780307
437,Customer_437,Mohamed,customer_437@example.com,2024-11-06 01:11:14.780309
438,Customer_438,Fahad,customer_438@example.com,2023-09-20 01:11:14.780312
439,Customer_439,Ahmed,customer_439@example.com,2023-12-20 01:11:14.780315
440,Customer_440,Khalid,customer_440@example.com,2024-10-07 01:11:14.780318
441,Customer_441,Khalid,customer_441@example.com,2024-02-21 01:11:14.780321
442,Customer_442,Fahad,customer_442@example.com,2024-11-24 01:11:14.780323
443,Customer_443,Ahmed,customer_443@example.com,2024-10-29 01:11:14.780326
444,Customer_444,Saeed,customer_444@example.com,2023-09-30 01:11:14.780329
445,Customer_445,Mohamed,customer_445@example.com,2023-10-21 01:11:14.780332
446,Customer_446,Mohamed,customer_446@example.com,2023-10-19 01:11:14.780335
447,Customer_447,Mohamed,customer_447@example.com,2024-03-03 01:11:14.780338
448,Customer_448,Fahad,customer_448@example.com,2024-10-21 01:11:14.780340
449,Customer_449,Fahad,customer_449@example.com,2024-01-09 01:11:14.780343
450,Customer_450,Ahmed,customer_450@example.com,2024-03-30 01:11:14.780346
451,Customer_451,Saeed,customer_451@example.com,2025-08-01 01:11:14.780349
452,Customer_452,Khalid,customer_452@example.com,2025-06-07 01:11:14.780352
453,Customer_453,Saeed,customer_453@example.com,2025-06-15 01:11:14.780355
454,Customer_454,Mohamed,customer_454@example.com,2024-03-02 01:11:14.780357
455,Customer_455,Fahad,customer_455@example.com,2024-01-13 01:11:14.780360
456,Customer_456,Khalid,customer_456@example.com,2024-07-31 01:11:14.780364
457,Customer_457,Ahmed,customer_457@example.com,2023-11-12 01:11:14.780367
458,Customer_458,Saeed,customer_458@example.com,2024-07-07 01:11:14.780370
459,Customer_459,Mohamed,customer_459@example.com,2024-05-24 01:11:14.780374
460,Customer_460,Ahmed,customer_460@example.com,2025-07-08 01:11:14.780376
461,Customer_461,Saeed,customer_461@example.com,2025-06-09 01:11:14.780379
462,Customer_462,Mohamed,customer_462@example.com,2023-12-15 01:11:14.780387
463,Customer_463,Khalid,customer_463@example.com,2024-07-01 01:11:14.780391
464,Customer_464,Mohamed,customer_464@example.com,2024-11-05 01:11:14.780394
465,Customer_465,Fahad,customer_465@example.com,2023-12-23 01:11:14.780397
466,Customer_466,Khalid,customer_466@example.com,2024-04-20 01:11:14.780400
467,Customer_467,Saeed,customer_467@example.com,2024-03-14 01:11:14.780402
468,Customer_468,Saeed,customer_468@example.com,2023-12-06 01:11:14.780405
469,Customer_469,Saeed,customer_469@example.com,2023-12-07 01:11:14.780408
470,Customer_470,Fahad,customer_470@example.com,2024-09-20 01:11:14.780411
471,Customer_471,Saeed,customer_471@example.com,2024-03-19 01:11:14.780415
472,Customer_472,Saeed,customer_472@example.com,2024-05-20 01:11:14.780417
473,Customer_473,Saeed,customer_473@example.com,2024-05-21 01:11:14.780420
474,Customer_474,Mohamed,customer_474@example.com,2025-01-26 01:11:14.780423
475,Customer_475,Mohamed,customer_475@example.com,2024-01-13 01:11:14.780426
476,Customer_476,Saeed,customer_476@example.com,2024-02-16 01:11:14.780429
477,Customer_477,Saeed,customer_477@example.com,2025-06-13 01:11:14.780432
478,Customer_478,Ahmed,customer_478@example.com,2025-08-11 01:11:14.780435
479,Customer_479,Ahmed,customer_479@example.com,2025-08-09 01:11:14.780438
480,Customer_480,Saeed,customer_480@example.com,2024-06-27 01:11:14.780441
481,Customer_481,Khalid,customer_481@example.com,2025-02-17 01:11:14.780444
482,Customer_482,Saeed,customer_482@example.com,2024-05-16 01:11:14.780448
483,Customer_483,Ahmed,customer_483@example.com,2025-06-12 01:11:14.780450
484,Customer_484,Mohamed,customer_484@example.com,2024-01-29 01:11:14.780453
485,Customer_485,Khalid,customer_485@example.com,2024-02-07 01:11:14.780456
486,Customer_486,Saeed,customer_486@example.com,2024-09-23 01:11:14.780459
487,Customer_487,Saeed,customer_487@example.com,2025-01-14 01:11:14.780462
488,Customer_488,Saeed,customer_488@example.com,2025-01-30 01:11:14.780465
489,Customer_489,Mohamed,customer_489@example.com,2024-01-13 01:11:14.780467
490,Customer_490,Khalid,customer_490@example.com,2024-10-12 01:11:14.780470
491,Customer_491,Saeed,customer_491@example.com,2023-09-24 01:11:14.780473
492,Customer_492,Ahmed,customer_492@example.com,2025-05-20 01:11:14.780476
493,Customer_493,Saeed,customer_493@example.com,2025-07-11 01:11:14.780478
494,Customer_494,Khalid,customer_494@example.com,2024-10-22 01:11:14.780481
495,Customer_495,Saeed,customer_495@example.com,2025-07-14 01:11:14.780483
496,Customer_496,Khalid,customer_496@example.com,2025-07-01 01:11:14.780486
497,Customer_497,Ahmed,customer_497@example.com,2025-08-21 01:11:14.780489
498,Customer_498,Fahad,customer_498@example.com,2025-04-20 01:11:14.780492
499,Customer_499,Mohamed,customer_499@example.com,2024-07-17 01:11:14.780494
500,Customer_500,Khalid,customer_500@example.com,2025-03-15 01:11:14.780497
