product_id,product_name,category,price,stock_level
1,Product_1,Books,198.51,141
2,Product_2,Books,358.06,158
3,Product_3,Home Goods,238.22,227
4,Product_4,Home Goods,27.65,290
5,Product_5,Apparel,395.3,283
6,Product_6,Books,107.02,203
7,Product_7,Apparel,475.55,435
8,Product_8,Electronics,215.8,137
9,Product_9,Beauty,472.17,320
10,Product_10,Apparel,467.93,248
11,Product_11,Beauty,262.41,460
12,Product_12,Apparel,388.28,172
13,Product_13,Apparel,336.92,148
14,Product_14,Apparel,153.22,339
15,Product_15,Apparel,265.46,234
16,Product_16,Books,15.77,436
17,Product_17,Apparel,68.88,89
18,Product_18,Home Goods,113.36,175
19,Product_19,Beauty,230.36,316
20,Product_20,Home Goods,288.22,405
21,Product_21,Home Goods,187.31,123
22,Product_22,Books,57.63,465
23,Product_23,Apparel,443.8,161
24,Product_24,Apparel,40.53,175
25,Product_25,Electronics,331.3,47
26,Product_26,Apparel,209.19,69
27,Product_27,Beauty,26.56,442
28,Product_28,Home Goods,89.34,221
29,Product_29,Electronics,169.39,283
30,Product_30,Beauty,211.47,496
31,Product_31,Electronics,344.12,417
32,Product_32,Home Goods,116.95,172
33,Product_33,Books,492.65,147
34,Product_34,Electronics,54.46,430
35,Product_35,Books,237.35,160
36,Product_36,Electronics,455.52,73
37,Product_37,Electronics,68.51,375
38,Product_38,Beauty,379.83,180
39,Product_39,Beauty,169.58,442
40,Product_40,Apparel,451.06,313
41,Product_41,Beauty,236.45,461
42,Product_42,Books,426.88,32
43,Product_43,Books,52.62,167
44,Product_44,Apparel,90.07,234
45,Product_45,Beauty,428.01,280
46,Product_46,Beauty,137.97,403
47,Product_47,Apparel,239.9,379
48,Product_48,Apparel,416.33,379
49,Product_49,Beauty,292.62,103
50,Product_50,Electronics,48.5,133
51,Product_51,Home Goods,361.62,234
52,Product_52,Apparel,406.43,208
53,Product_53,Beauty,387.51,466
54,Product_54,Electronics,207.72,28
55,Product_55,Apparel,341.14,67
56,Product_56,Electronics,270.18,233
57,Product_57,Electronics,247.83,43
58,Product_58,Electronics,357.57,235
59,Product_59,Books,101.34,315
60,Product_60,Electronics,98.82,203
61,Product_61,Apparel,257.56,368
62,Product_62,Apparel,473.87,206
63,Product_63,Home Goods,291.8,434
64,Product_64,Electronics,490.69,159
65,Product_65,Beauty,338.32,139
66,Product_66,Books,327.91,424
67,Product_67,Home Goods,86.7,56
68,Product_68,Electronics,312.37,233
69,Product_69,Books,317.97,31
70,Product_70,Books,214.74,116
71,Product_71,Apparel,115.32,479
72,Product_72,Books,97.31,95
73,Product_73,Electronics,424.99,447
74,Product_74,Home Goods,220.22,343
75,Product_75,Apparel,31.43,316
76,Product_76,Books,185.57,370
77,Product_77,Beauty,107.42,70
78,Product_78,Apparel,130.95,283
79,Product_79,Books,423.67,64
80,Product_80,Home Goods,323.74,113
81,Product_81,Apparel,215.53,247
82,Product_82,Electronics,497.12,167
83,Product_83,Apparel,249.43,320
84,Product_84,Beauty,45.42,196
85,Product_85,Home Goods,458.21,202
86,Product_86,Beauty,354.64,381
87,Product_87,Books,259.19,479
88,Product_88,Books,441.97,412
89,Product_89,Books,447.78,475
90,Product_90,Electronics,348.05,309
91,Product_91,Beauty,75.83,285
92,Product_92,Beauty,377.76,141
93,Product_93,Home Goods,150.39,224
94,Product_94,Home Goods,260.89,315
95,Product_95,Books,208.0,231
96,Product_96,Beauty,126.79,395
97,Product_97,Beauty,370.77,83
98,Product_98,Books,421.36,252
99,Product_99,Books,372.77,367
100,Product_100,Books,96.94,205
101,Product_101,Home Goods,420.58,346
102,Product_102,Beauty,17.84,218
103,Product_103,Beauty,334.76,400
104,Product_104,Electronics,417.93,373
105,Product_105,Electronics,55.96,302
106,Product_106,Apparel,259.51,459
107,Product_107,Home Goods,194.76,2
108,Product_108,Electronics,258.72,52
109,Product_109,Home Goods,209.37,168
110,Product_110,Apparel,376.35,393
111,Product_111,Books,91.47,264
112,Product_112,Books,17.31,233
113,Product_113,Books,416.9,0
114,Product_114,Beauty,181.09,394
115,Product_115,Home Goods,342.65,135
116,Product_116,Electronics,171.91,273
117,Product_117,Beauty,23.94,32
118,Product_118,Apparel,204.58,9
119,Product_119,Electronics,104.75,450
120,Product_120,Electronics,260.44,375
121,Product_121,Electronics,95.79,192
122,Product_122,Electronics,375.14,261
123,Product_123,Home Goods,252.42,235
124,Product_124,Books,70.42,380
125,Product_125,Home Goods,45.51,340
126,Product_126,Electronics,173.16,136
127,Product_127,Books,296.63,418
128,Product_128,Electronics,288.42,318
129,Product_129,Beauty,387.61,223
130,Product_130,Electronics,192.64,138
131,Product_131,Home Goods,377.05,304
132,Product_132,Home Goods,325.63,187
133,Product_133,Books,172.3,425
134,Product_134,Apparel,15.0,489
135,Product_135,Electronics,397.18,412
136,Product_136,Electronics,277.93,423
137,Product_137,Home Goods,435.14,225
138,Product_138,Apparel,176.82,10
139,Product_139,Books,154.11,284
140,Product_140,Books,209.72,215
141,Product_141,Books,54.98,269
142,Product_142,Beauty,324.04,201
143,Product_143,Apparel,262.07,459
144,Product_144,Beauty,361.82,301
145,Product_145,Beauty,120.37,30
146,Product_146,Apparel,373.02,27
147,Product_147,Apparel,46.29,172
148,Product_148,Beauty,466.72,243
149,Product_149,Home Goods,436.6,315
150,Product_150,Electronics,447.97,28
151,Product_151,Books,313.23,95
152,Product_152,Apparel,84.15,13
153,Product_153,Apparel,367.78,273
154,Product_154,Electronics,240.71,0
155,Product_155,Books,133.34,332
156,Product_156,Books,231.81,201
157,Product_157,Books,118.42,288
158,Product_158,Apparel,170.08,295
159,Product_159,Electronics,28.01,284
160,Product_160,Books,101.75,259
161,Product_161,Beauty,90.23,487
162,Product_162,Books,239.09,283
163,Product_163,Home Goods,77.26,94
164,Product_164,Apparel,121.12,427
165,Product_165,Beauty,396.85,173
166,Product_166,Home Goods,324.7,55
167,Product_167,Apparel,271.52,283
168,Product_168,Apparel,381.3,247
169,Product_169,Electronics,380.5,376
170,Product_170,Home Goods,11.56,183
171,Product_171,Beauty,66.05,396
172,Product_172,Home Goods,457.95,361
173,Product_173,Home Goods,286.4,213
174,Product_174,Apparel,262.05,416
175,Product_175,Electronics,123.06,391
176,Product_176,Apparel,459.94,166
177,Product_177,Beauty,481.67,93
178,Product_178,Home Goods,179.35,190
179,Product_179,Electronics,18.42,326
180,Product_180,Apparel,283.93,236
181,Product_181,Apparel,20.35,387
182,Product_182,Home Goods,44.54,179
183,Product_183,Electronics,126.65,384
184,Product_184,Home Goods,278.06,75
185,Product_185,Home Goods,54.2,183
186,Product_186,Books,420.06,347
187,Product_187,Books,452.22,427
188,Product_188,Home Goods,109.72,442
189,Product_189,Apparel,486.01,255
190,Product_190,Apparel,428.14,190
191,Product_191,Electronics,112.52,380
192,Product_192,Books,147.76,131
193,Product_193,Apparel,48.08,396
194,Product_194,Beauty,329.37,168
195,Product_195,Apparel,355.19,109
196,Product_196,Books,73.34,1
197,Product_197,Home Goods,420.83,389
198,Product_198,Apparel,354.03,474
199,Product_199,Home Goods,369.71,396
200,Product_200,Home Goods,320.23,410
